ID Group,Group,ID Year,Year,Commute Means,Commute Means Moe,Geography,ID Geography,Slug Geography,share
2,"Public Transit",2017,"2017",1257,332.87234790531943,"Missoula, MT","31000US33540","missoula-mt-metro-area",0.020895323902455243
8,"Worked At Home",2017,"2017",3562,454.00000000000006,"Missoula, MT","31000US33540","missoula-mt-metro-area",0.059211729308309924
0,"Drove Alone",2017,"2017",43598,1282,"Missoula, MT","31000US33540","missoula-mt-metro-area",0.7247369383446648
4,"Motorcycle",2017,"2017",125,79,"Missoula, MT","31000US33540","missoula-mt-metro-area",0.0020778961716840932
5,"Bicycle",2017,"2017",2708,364,"Missoula, MT","31000US33540","missoula-mt-metro-area",0.045015542663364196
1,"Carpooled",2017,"2017",5168,620.7237710930684,"Missoula, MT","31000US33540","missoula-mt-metro-area",0.08590853932210715
7,"Other",2017,"2017",490,194,"Missoula, MT","31000US33540","missoula-mt-metro-area",0.008145352993001646
3,"Taxi",2017,"2017",66,75,"Missoula, MT","31000US33540","missoula-mt-metro-area",0.0010971291786492012
6,"Walked",2017,"2017",3183,481,"Missoula, MT","31000US33540","missoula-mt-metro-area",0.05291154811576375
0,"Drove Alone",2016,"2016",41704,1288,"Missoula, MT","31000US33540","missoula-mt-metro-area",0.7107869036865339
2,"Public Transit",2016,"2016",1146,353.5731890288063,"Missoula, MT","31000US33540","missoula-mt-metro-area",0.019531982342815266
3,"Taxi",2016,"2016",0,23,"Missoula, MT","31000US33540","missoula-mt-metro-area",0
7,"Other",2016,"2016",349,172,"Missoula, MT","31000US33540","missoula-mt-metro-area",0.005948221498815469
6,"Walked",2016,"2016",2905,501,"Missoula, MT","31000US33540","missoula-mt-metro-area",0.04951170044142962
1,"Carpooled",2016,"2016",5992,654.1765816658373,"Missoula, MT","31000US33540","missoula-mt-metro-area",0.10212533874184036
4,"Motorcycle",2016,"2016",164,93,"Missoula, MT","31000US33540","missoula-mt-metro-area",0.0027951527960049767
8,"Worked At Home",2016,"2016",3499,442.00000000000006,"Missoula, MT","31000US33540","missoula-mt-metro-area",0.059635607519642767
5,"Bicycle",2016,"2016",2914,436,"Missoula, MT","31000US33540","missoula-mt-metro-area",0.0496650929729177
1,"Carpooled",2015,"2015",5937,660.4347053267263,"Missoula, MT","31000US33540","missoula-mt-metro-area",0.10320909533412141
2,"Public Transit",2015,"2015",1009,309.6304248616405,"Missoula, MT","31000US33540","missoula-mt-metro-area",0.017540504832765456
0,"Drove Alone",2015,"2015",41340,1401,"Missoula, MT","31000US33540","missoula-mt-metro-area",0.7186565607398651
6,"Walked",2015,"2015",2989,432.99999999999994,"Missoula, MT","31000US33540","missoula-mt-metro-area",0.051960920659203116
4,"Motorcycle",2015,"2015",215,109,"Missoula, MT","31000US33540","missoula-mt-metro-area",0.003737570405396009
7,"Other",2015,"2015",288,151,"Missoula, MT","31000US33540","missoula-mt-metro-area",0.005006605938390933
8,"Worked At Home",2015,"2015",3151,467,"Missoula, MT","31000US33540","missoula-mt-metro-area",0.05477713649954802
3,"Taxi",2015,"2015",0,23,"Missoula, MT","31000US33540","missoula-mt-metro-area",0
5,"Bicycle",2015,"2015",2595,409,"Missoula, MT","31000US33540","missoula-mt-metro-area",0.045111605590709966
7,"Other",2014,"2014",320,183,"Missoula, MT","31000US33540","missoula-mt-metro-area",0.00567154655985254
5,"Bicycle",2014,"2014",2243,347,"Missoula, MT","31000US33540","missoula-mt-metro-area",0.0397539966679664
0,"Drove Alone",2014,"2014",40589,1255,"Missoula, MT","31000US33540","missoula-mt-metro-area",0.719382510368296
1,"Carpooled",2014,"2014",5837,659.0955924598495,"Missoula, MT","31000US33540","missoula-mt-metro-area",0.10345255396831024
6,"Walked",2014,"2014",3013,412,"Missoula, MT","31000US33540","missoula-mt-metro-area",0.05340115557761157
4,"Motorcycle",2014,"2014",183,95,"Missoula, MT","31000US33540","missoula-mt-metro-area",0.0032434156889156714
8,"Worked At Home",2014,"2014",3182,403,"Missoula, MT","31000US33540","missoula-mt-metro-area",0.05639644110453369
3,"Taxi",2014,"2014",0,23,"Missoula, MT","31000US33540","missoula-mt-metro-area",0
2,"Public Transit",2014,"2014",1055,281.65226787654314,"Missoula, MT","31000US33540","missoula-mt-metro-area",0.018698380064513843
5,"Bicycle",2013,"2013",2431,362,"Missoula, MT","31000US33540","missoula-mt-metro-area",0.04350004473472309
3,"Taxi",2013,"2013",0,23,"Missoula, MT","31000US33540","missoula-mt-metro-area",0
7,"Other",2013,"2013",392,154,"Missoula, MT","31000US33540","missoula-mt-metro-area",0.0070144045808356445
2,"Public Transit",2013,"2013",969,255.9140480708318,"Missoula, MT","31000US33540","missoula-mt-metro-area",0.01733917867048403
8,"Worked At Home",2013,"2013",2912,379,"Missoula, MT","31000US33540","missoula-mt-metro-area",0.05210700545763622
4,"Motorcycle",2013,"2013",197,96,"Missoula, MT","31000US33540","missoula-mt-metro-area",0.003525096179654648
6,"Walked",2013,"2013",2968,470,"Missoula, MT","31000US33540","missoula-mt-metro-area",0.053109063254898455
1,"Carpooled",2013,"2013",5533,644.4167905944103,"Missoula, MT","31000US33540","missoula-mt-metro-area",0.09900688914735618
0,"Drove Alone",2013,"2013",40483,1362,"Missoula, MT","31000US33540","missoula-mt-metro-area",0.7243983179744118