ID CIP2,CIP2,ID CIP4,CIP4,ID CIP6,CIP6,ID Year,Year,ID Degree,Degree,Completions,Slug CIP6,Geography,ID Geography,Slug Geography
"26","Biology","2603","Plant Biology","260301","Botany & Plant Biology",2017,"2017",5,"Bachelors Degree",0,"botany-plant-biology","Missoula, MT","31000US33540","missoula-mt-metro-area"
"54","History","5401","History","540104","History & Philosophy of Science & Technology",2017,"2017",5,"Bachelors Degree",6,"history-philosophy-of-science-technology","Missoula, MT","31000US33540","missoula-mt-metro-area"
"50","Visual & Performing Arts","5009","Music","500903","General Music Performance",2017,"2017",5,"Bachelors Degree",0,"general-music-performance","Missoula, MT","31000US33540","missoula-mt-metro-area"
"50","Visual & Performing Arts","5009","Music","500904","Music Theory & Composition",2017,"2017",5,"Bachelors Degree",0,"music-theory-composition","Missoula, MT","31000US33540","missoula-mt-metro-area"
"03","Natural Resources & Conservation","0301","Natural Resource Conservation & Research","030101","General Natural Resources & Conservation",2017,"2017",5,"Bachelors Degree",30,"general-natural-resources-conservation","Missoula, MT","31000US33540","missoula-mt-metro-area"
"50","Visual & Performing Arts","5007","Fine & Studio Arts","500705","Drawing",2017,"2017",5,"Bachelors Degree",28,"drawing","Missoula, MT","31000US33540","missoula-mt-metro-area"
"50","Visual & Performing Arts","5006","Video & Photographic Arts","500602","Cinematography & Film Production",2017,"2017",5,"Bachelors Degree",52,"cinematography-film-production","Missoula, MT","31000US33540","missoula-mt-metro-area"
"50","Visual & Performing Arts","5005","Theater Arts & Stagecraft","500501","General Drama & Theater Arts",2017,"2017",5,"Bachelors Degree",20,"general-drama-theater-arts","Missoula, MT","31000US33540","missoula-mt-metro-area"
"50","Visual & Performing Arts","5003","Dance","500301","General Dance",2017,"2017",5,"Bachelors Degree",7,"general-dance","Missoula, MT","31000US33540","missoula-mt-metro-area"
"03","Natural Resources & Conservation","0301","Natural Resource Conservation & Research","030103","Environmental Studies",2017,"2017",5,"Bachelors Degree",40,"environmental-studies","Missoula, MT","31000US33540","missoula-mt-metro-area"
"50","Visual & Performing Arts","5001","General Visual & Performaing Arts","500101","General Visual & Performing Arts",2017,"2017",5,"Bachelors Degree",0,"general-visual-performing-arts","Missoula, MT","31000US33540","missoula-mt-metro-area"
"50","Visual & Performing Arts","5009","Music","500999","Other Music",2017,"2017",5,"Bachelors Degree",29,"other-music","Missoula, MT","31000US33540","missoula-mt-metro-area"
"45","Social Sciences","4511","Sociology","451101","Sociology",2017,"2017",5,"Bachelors Degree",66,"sociology-6","Missoula, MT","31000US33540","missoula-mt-metro-area"
"45","Social Sciences","4510","Political Science & Government","451001","General Political Science & Government",2017,"2017",5,"Bachelors Degree",48,"general-political-science-government","Missoula, MT","31000US33540","missoula-mt-metro-area"
"03","Natural Resources & Conservation","0305","Forestry","030501","General Forestry",2017,"2017",5,"Bachelors Degree",31,"general-forestry","Missoula, MT","31000US33540","missoula-mt-metro-area"
"45","Social Sciences","4507","Geography & Cartography","450701","Geography",2017,"2017",5,"Bachelors Degree",17,"geography","Missoula, MT","31000US33540","missoula-mt-metro-area"
"45","Social Sciences","4506","Economics","450601","General Economics",2017,"2017",5,"Bachelors Degree",11,"general-economics","Missoula, MT","31000US33540","missoula-mt-metro-area"
"45","Social Sciences","4502","Anthropology","450201","Anthropology",2017,"2017",5,"Bachelors Degree",44,"anthropology-6","Missoula, MT","31000US33540","missoula-mt-metro-area"
"51","Health","5102","Communication Disorders Sciences & Services","510201","General Communication Sciences & Disorders",2017,"2017",5,"Bachelors Degree",22,"general-communication-sciences-disorders","Missoula, MT","31000US33540","missoula-mt-metro-area"
"03","Natural Resources & Conservation","0306","Wildlife & Wildlands","030601","Wildlife, Fish, & Wildlands Science",2017,"2017",5,"Bachelors Degree",73,"wildlife-fish-wildlands-science","Missoula, MT","31000US33540","missoula-mt-metro-area"
"44","Public Administration and Social Service","4407","Social Work","440701","Social Work",2017,"2017",5,"Bachelors Degree",66,"social-work-6","Missoula, MT","31000US33540","missoula-mt-metro-area"
"42","Psychology","4201","General Psychology","420101","General Psychology",2017,"2017",5,"Bachelors Degree",129,"general-psychology-6","Missoula, MT","31000US33540","missoula-mt-metro-area"
"40","Physical Sciences","4008","Physics","400801","General Physics",2017,"2017",5,"Bachelors Degree",15,"general-physics","Missoula, MT","31000US33540","missoula-mt-metro-area"
"05","Cultural & Gender Studies","0501","Area Studies","050103","Asian Studies",2017,"2017",5,"Bachelors Degree",2,"asian-studies","Missoula, MT","31000US33540","missoula-mt-metro-area"
"40","Physical Sciences","4006","Geological & Earth Sciences","400699","Other Geological & Earth Sciences",2017,"2017",5,"Bachelors Degree",0,"other-geological-earth-sciences","Missoula, MT","31000US33540","missoula-mt-metro-area"
"40","Physical Sciences","4006","Geological & Earth Sciences","400601","General Geology & Earch Science",2017,"2017",5,"Bachelors Degree",14,"general-geology-earch-science","Missoula, MT","31000US33540","missoula-mt-metro-area"
"51","Health","5109","Allied Diagnostic, Intervention, & Treatment Professions","510913","Athletic Trainer",2017,"2017",5,"Bachelors Degree",0,"athletic-trainer","Missoula, MT","31000US33540","missoula-mt-metro-area"
"05","Cultural & Gender Studies","0501","Area Studies","050104","East Asian Studies",2017,"2017",5,"Bachelors Degree",1,"east-asian-studies","Missoula, MT","31000US33540","missoula-mt-metro-area"
"05","Cultural & Gender Studies","0502","Ethnic, Cultural, & Gender Group Studies","050201","African-American & Black Studies",2017,"2017",5,"Bachelors Degree",2,"african-american-black-studies","Missoula, MT","31000US33540","missoula-mt-metro-area"
"54","History","5401","History","540101","General History",2017,"2017",5,"Bachelors Degree",40,"general-history","Missoula, MT","31000US33540","missoula-mt-metro-area"
"40","Physical Sciences","4005","Chemistry","400501","General Chemistry",2017,"2017",5,"Bachelors Degree",10,"general-chemistry","Missoula, MT","31000US33540","missoula-mt-metro-area"
"38","Philosophy and Religious Studies","3801","Philosophy","380101","Philosophy",2017,"2017",5,"Bachelors Degree",10,"philosophy-6","Missoula, MT","31000US33540","missoula-mt-metro-area"
"31","Parks, Recreation, & Leisure","3105","Health & Physical Education","310501","General Health & Physical Education",2017,"2017",5,"Bachelors Degree",0,"general-health-physical-education","Missoula, MT","31000US33540","missoula-mt-metro-area"
"05","Cultural & Gender Studies","0502","Ethnic, Cultural, & Gender Group Studies","050202","Native American Studies",2017,"2017",5,"Bachelors Degree",6,"native-american-studies","Missoula, MT","31000US33540","missoula-mt-metro-area"
"31","Parks, Recreation, & Leisure","3103","Parks, Recreation, & Leisure Facilities Management","310301","General Parks, Recreation, & Leisure Facilities Management",2017,"2017",5,"Bachelors Degree",26,"general-parks-recreation-leisure-facilities-management","Missoula, MT","31000US33540","missoula-mt-metro-area"
"05","Cultural & Gender Studies","0502","Ethnic, Cultural, & Gender Group Studies","050207","Women's Studies",2017,"2017",5,"Bachelors Degree",11,"womens-studies","Missoula, MT","31000US33540","missoula-mt-metro-area"
"30","Interdisciplinary Studies","3099","Other Interdisciplinary Studies","309999","Other Multidisciplinary Studies",2017,"2017",5,"Bachelors Degree",1,"other-multidisciplinary-studies","Missoula, MT","31000US33540","missoula-mt-metro-area"
"51","Health","5110","Medical Laboratory Research & Allied Professions","511005","Clinical Laboratory Technologist",2017,"2017",5,"Bachelors Degree",10,"clinical-laboratory-technologist","Missoula, MT","31000US33540","missoula-mt-metro-area"
"27","Math & Statistics","2701","Mathematics","270101","General Mathematics",2017,"2017",5,"Bachelors Degree",26,"general-mathematics","Missoula, MT","31000US33540","missoula-mt-metro-area"
"26","Biology","2615","Neurobiology & Neurosciences","261501","Neuroscience",2017,"2017",5,"Bachelors Degree",4,"neuroscience","Missoula, MT","31000US33540","missoula-mt-metro-area"
"09","Communications","0901","Communication and Media Studies","090101","Speech Communication & Rhetoric",2017,"2017",5,"Bachelors Degree",85,"speech-communication-rhetoric","Missoula, MT","31000US33540","missoula-mt-metro-area"
"26","Biology","2605","Microbiological Sciences & Immunology","260502","General Microbiology",2017,"2017",5,"Bachelors Degree",12,"general-microbiology","Missoula, MT","31000US33540","missoula-mt-metro-area"
"26","Biology","2602","Biochemistry, Biophysics, & Molecular Biology","260202","Biochemistry",2017,"2017",5,"Bachelors Degree",9,"biochemistry","Missoula, MT","31000US33540","missoula-mt-metro-area"
"26","Biology","2601","General Biology","260101","General Biological Sciences",2017,"2017",5,"Bachelors Degree",64,"general-biological-sciences","Missoula, MT","31000US33540","missoula-mt-metro-area"
"24","Liberal Arts & Humanities","2401","Liberal Arts & Sciences","240101","Liberal Arts & Sciences",2017,"2017",5,"Bachelors Degree",10,"liberal-arts-sciences-6","Missoula, MT","31000US33540","missoula-mt-metro-area"
"09","Communications","0904","Journalism","090401","Journalism",2017,"2017",5,"Bachelors Degree",46,"journalism-6","Missoula, MT","31000US33540","missoula-mt-metro-area"
"52","Business","5202","Business Administration, Management, & Operations","520201","General Business Administration & Management",2017,"2017",5,"Bachelors Degree",216,"general-business-administration-management","Missoula, MT","31000US33540","missoula-mt-metro-area"
"23","English","2301","General English Language & Literature","230101","General English Language & Literature",2017,"2017",5,"Bachelors Degree",77,"general-english-language-literature-6","Missoula, MT","31000US33540","missoula-mt-metro-area"
"16","Language & Linguistics","1612","Classical Languages, Literatures, & Linguistics","161200","General Classical Language, Literature, & Linguistics",2017,"2017",5,"Bachelors Degree",2,"general-classical-language-literature-linguistics","Missoula, MT","31000US33540","missoula-mt-metro-area"
"16","Language & Linguistics","1609","Romance Languages, Literatures, & Linguistics","160905","Spanish Language & Literature",2017,"2017",5,"Bachelors Degree",10,"spanish-language-literature","Missoula, MT","31000US33540","missoula-mt-metro-area"
"09","Communications","0907","Radio, Television, & Digital Communication","090799","Other Radio, Television, & Digital Communication",2017,"2017",5,"Bachelors Degree",1,"other-radio-television-digital-communication","Missoula, MT","31000US33540","missoula-mt-metro-area"
"16","Language & Linguistics","1609","Romance Languages, Literatures, & Linguistics","160901","French Language & Literature",2017,"2017",5,"Bachelors Degree",7,"french-language-literature","Missoula, MT","31000US33540","missoula-mt-metro-area"
"16","Language & Linguistics","1605","Germanic Languages, Literatures, & Linguistics","160501","German Language & Literature",2017,"2017",5,"Bachelors Degree",5,"german-language-literature","Missoula, MT","31000US33540","missoula-mt-metro-area"
"52","Business","5203","Accounting","520301","Accounting",2017,"2017",5,"Bachelors Degree",45,"accounting-6","Missoula, MT","31000US33540","missoula-mt-metro-area"
"11","Computer and Information Sciences and Support Services","1101","General Computer & Information Sciences","110101","General Computer & Information Sciences",2017,"2017",5,"Bachelors Degree",18,"general-computer-information-sciences-6","Missoula, MT","31000US33540","missoula-mt-metro-area"
"52","Business","5212","Management Information Systems & Services","521201","General Management Information Systems",2017,"2017",5,"Bachelors Degree",51,"general-management-information-systems","Missoula, MT","31000US33540","missoula-mt-metro-area"
"16","Language & Linguistics","1604","Slavic, Baltic, & Albanian Languages, Literatures, & Linguistics","160402","Russian Language & Literature",2017,"2017",5,"Bachelors Degree",4,"russian-language-literature","Missoula, MT","31000US33540","missoula-mt-metro-area"
"16","Language & Linguistics","1603","East Asian Languages, Literatures, & Linguistics","160302","Japanese Language & Literature",2017,"2017",5,"Bachelors Degree",2,"japanese-language-literature","Missoula, MT","31000US33540","missoula-mt-metro-area"
"13","Education","1313","Teacher Education for Specific Subject Areas","131314","Physical Education Teaching & Coaching",2017,"2017",5,"Bachelors Degree",101,"physical-education-teaching-coaching","Missoula, MT","31000US33540","missoula-mt-metro-area"
"13","Education","1301","General Education","130101","General Education",2017,"2017",5,"Bachelors Degree",75,"general-education-6","Missoula, MT","31000US33540","missoula-mt-metro-area"
"26","Biology","2605","Microbiological Sciences & Immunology","260502","General Microbiology",2016,"2016",5,"Bachelors Degree",9,"general-microbiology","Missoula, MT","31000US33540","missoula-mt-metro-area"
"50","Visual & Performing Arts","5009","Music","500904","Music Theory & Composition",2016,"2016",5,"Bachelors Degree",0,"music-theory-composition","Missoula, MT","31000US33540","missoula-mt-metro-area"
"52","Business","5212","Management Information Systems & Services","521201","General Management Information Systems",2016,"2016",5,"Bachelors Degree",53,"general-management-information-systems","Missoula, MT","31000US33540","missoula-mt-metro-area"
"16","Language & Linguistics","1603","East Asian Languages, Literatures, & Linguistics","160302","Japanese Language & Literature",2016,"2016",5,"Bachelors Degree",4,"japanese-language-literature","Missoula, MT","31000US33540","missoula-mt-metro-area"
"16","Language & Linguistics","1604","Slavic, Baltic, & Albanian Languages, Literatures, & Linguistics","160402","Russian Language & Literature",2016,"2016",5,"Bachelors Degree",2,"russian-language-literature","Missoula, MT","31000US33540","missoula-mt-metro-area"
"50","Visual & Performing Arts","5009","Music","500903","General Music Performance",2016,"2016",5,"Bachelors Degree",0,"general-music-performance","Missoula, MT","31000US33540","missoula-mt-metro-area"
"11","Computer and Information Sciences and Support Services","1101","General Computer & Information Sciences","110101","General Computer & Information Sciences",2016,"2016",5,"Bachelors Degree",15,"general-computer-information-sciences-6","Missoula, MT","31000US33540","missoula-mt-metro-area"
"16","Language & Linguistics","1605","Germanic Languages, Literatures, & Linguistics","160501","German Language & Literature",2016,"2016",5,"Bachelors Degree",5,"german-language-literature","Missoula, MT","31000US33540","missoula-mt-metro-area"
"52","Business","5203","Accounting","520301","Accounting",2016,"2016",5,"Bachelors Degree",56,"accounting-6","Missoula, MT","31000US33540","missoula-mt-metro-area"
"03","Natural Resources & Conservation","0301","Natural Resource Conservation & Research","030101","General Natural Resources & Conservation",2016,"2016",5,"Bachelors Degree",37,"general-natural-resources-conservation","Missoula, MT","31000US33540","missoula-mt-metro-area"
"16","Language & Linguistics","1609","Romance Languages, Literatures, & Linguistics","160901","French Language & Literature",2016,"2016",5,"Bachelors Degree",3,"french-language-literature","Missoula, MT","31000US33540","missoula-mt-metro-area"
"54","History","5401","History","540104","History & Philosophy of Science & Technology",2016,"2016",5,"Bachelors Degree",7,"history-philosophy-of-science-technology","Missoula, MT","31000US33540","missoula-mt-metro-area"
"50","Visual & Performing Arts","5007","Fine & Studio Arts","500705","Drawing",2016,"2016",5,"Bachelors Degree",37,"drawing","Missoula, MT","31000US33540","missoula-mt-metro-area"
"16","Language & Linguistics","1609","Romance Languages, Literatures, & Linguistics","160905","Spanish Language & Literature",2016,"2016",5,"Bachelors Degree",15,"spanish-language-literature","Missoula, MT","31000US33540","missoula-mt-metro-area"
"09","Communications","0907","Radio, Television, & Digital Communication","090799","Other Radio, Television, & Digital Communication",2016,"2016",5,"Bachelors Degree",2,"other-radio-television-digital-communication","Missoula, MT","31000US33540","missoula-mt-metro-area"
"50","Visual & Performing Arts","5006","Video & Photographic Arts","500602","Cinematography & Film Production",2016,"2016",5,"Bachelors Degree",73,"cinematography-film-production","Missoula, MT","31000US33540","missoula-mt-metro-area"
"16","Language & Linguistics","1612","Classical Languages, Literatures, & Linguistics","161200","General Classical Language, Literature, & Linguistics",2016,"2016",5,"Bachelors Degree",2,"general-classical-language-literature-linguistics","Missoula, MT","31000US33540","missoula-mt-metro-area"
"23","English","2301","General English Language & Literature","230101","General English Language & Literature",2016,"2016",5,"Bachelors Degree",57,"general-english-language-literature-6","Missoula, MT","31000US33540","missoula-mt-metro-area"
"50","Visual & Performing Arts","5005","Theater Arts & Stagecraft","500501","General Drama & Theater Arts",2016,"2016",5,"Bachelors Degree",35,"general-drama-theater-arts","Missoula, MT","31000US33540","missoula-mt-metro-area"
"24","Liberal Arts & Humanities","2401","Liberal Arts & Sciences","240101","Liberal Arts & Sciences",2016,"2016",5,"Bachelors Degree",10,"liberal-arts-sciences-6","Missoula, MT","31000US33540","missoula-mt-metro-area"
"09","Communications","0904","Journalism","090401","Journalism",2016,"2016",5,"Bachelors Degree",53,"journalism-6","Missoula, MT","31000US33540","missoula-mt-metro-area"
"52","Business","5202","Business Administration, Management, & Operations","520201","General Business Administration & Management",2016,"2016",5,"Bachelors Degree",233,"general-business-administration-management","Missoula, MT","31000US33540","missoula-mt-metro-area"
"26","Biology","2601","General Biology","260101","General Biological Sciences",2016,"2016",5,"Bachelors Degree",71,"general-biological-sciences","Missoula, MT","31000US33540","missoula-mt-metro-area"
"03","Natural Resources & Conservation","0301","Natural Resource Conservation & Research","030103","Environmental Studies",2016,"2016",5,"Bachelors Degree",32,"environmental-studies","Missoula, MT","31000US33540","missoula-mt-metro-area"
"26","Biology","2602","Biochemistry, Biophysics, & Molecular Biology","260202","Biochemistry",2016,"2016",5,"Bachelors Degree",6,"biochemistry","Missoula, MT","31000US33540","missoula-mt-metro-area"
"50","Visual & Performing Arts","5003","Dance","500301","General Dance",2016,"2016",5,"Bachelors Degree",7,"general-dance","Missoula, MT","31000US33540","missoula-mt-metro-area"
"26","Biology","2603","Plant Biology","260301","Botany & Plant Biology",2016,"2016",5,"Bachelors Degree",0,"botany-plant-biology","Missoula, MT","31000US33540","missoula-mt-metro-area"
"50","Visual & Performing Arts","5009","Music","500999","Other Music",2016,"2016",5,"Bachelors Degree",35,"other-music","Missoula, MT","31000US33540","missoula-mt-metro-area"
"50","Visual & Performing Arts","5001","General Visual & Performaing Arts","500101","General Visual & Performing Arts",2016,"2016",5,"Bachelors Degree",0,"general-visual-performing-arts","Missoula, MT","31000US33540","missoula-mt-metro-area"
"13","Education","1301","General Education","130101","General Education",2016,"2016",5,"Bachelors Degree",58,"general-education-6","Missoula, MT","31000US33540","missoula-mt-metro-area"
"09","Communications","0901","Communication and Media Studies","090101","Speech Communication & Rhetoric",2016,"2016",5,"Bachelors Degree",88,"speech-communication-rhetoric","Missoula, MT","31000US33540","missoula-mt-metro-area"
"27","Math & Statistics","2701","Mathematics","270101","General Mathematics",2016,"2016",5,"Bachelors Degree",18,"general-mathematics","Missoula, MT","31000US33540","missoula-mt-metro-area"
"45","Social Sciences","4511","Sociology","451101","Sociology",2016,"2016",5,"Bachelors Degree",69,"sociology-6","Missoula, MT","31000US33540","missoula-mt-metro-area"
"30","Interdisciplinary Studies","3099","Other Interdisciplinary Studies","309999","Other Multidisciplinary Studies",2016,"2016",5,"Bachelors Degree",2,"other-multidisciplinary-studies","Missoula, MT","31000US33540","missoula-mt-metro-area"
"54","History","5401","History","540101","General History",2016,"2016",5,"Bachelors Degree",48,"general-history","Missoula, MT","31000US33540","missoula-mt-metro-area"
"51","Health","5110","Medical Laboratory Research & Allied Professions","511005","Clinical Laboratory Technologist",2016,"2016",5,"Bachelors Degree",6,"clinical-laboratory-technologist","Missoula, MT","31000US33540","missoula-mt-metro-area"
"31","Parks, Recreation, & Leisure","3103","Parks, Recreation, & Leisure Facilities Management","310301","General Parks, Recreation, & Leisure Facilities Management",2016,"2016",5,"Bachelors Degree",21,"general-parks-recreation-leisure-facilities-management","Missoula, MT","31000US33540","missoula-mt-metro-area"
"05","Cultural & Gender Studies","0502","Ethnic, Cultural, & Gender Group Studies","050207","Women's Studies",2016,"2016",5,"Bachelors Degree",3,"womens-studies","Missoula, MT","31000US33540","missoula-mt-metro-area"
"03","Natural Resources & Conservation","0305","Forestry","030501","General Forestry",2016,"2016",5,"Bachelors Degree",24,"general-forestry","Missoula, MT","31000US33540","missoula-mt-metro-area"
"31","Parks, Recreation, & Leisure","3105","Health & Physical Education","310501","General Health & Physical Education",2016,"2016",5,"Bachelors Degree",0,"general-health-physical-education","Missoula, MT","31000US33540","missoula-mt-metro-area"
"05","Cultural & Gender Studies","0502","Ethnic, Cultural, & Gender Group Studies","050202","Native American Studies",2016,"2016",5,"Bachelors Degree",5,"native-american-studies","Missoula, MT","31000US33540","missoula-mt-metro-area"
"45","Social Sciences","4510","Political Science & Government","451001","General Political Science & Government",2016,"2016",5,"Bachelors Degree",60,"general-political-science-government","Missoula, MT","31000US33540","missoula-mt-metro-area"
"38","Philosophy and Religious Studies","3801","Philosophy","380101","Philosophy",2016,"2016",5,"Bachelors Degree",11,"philosophy-6","Missoula, MT","31000US33540","missoula-mt-metro-area"
"13","Education","1313","Teacher Education for Specific Subject Areas","131314","Physical Education Teaching & Coaching",2016,"2016",5,"Bachelors Degree",85,"physical-education-teaching-coaching","Missoula, MT","31000US33540","missoula-mt-metro-area"
"45","Social Sciences","4507","Geography & Cartography","450701","Geography",2016,"2016",5,"Bachelors Degree",12,"geography","Missoula, MT","31000US33540","missoula-mt-metro-area"
"40","Physical Sciences","4005","Chemistry","400501","General Chemistry",2016,"2016",5,"Bachelors Degree",5,"general-chemistry","Missoula, MT","31000US33540","missoula-mt-metro-area"
"05","Cultural & Gender Studies","0501","Area Studies","050104","East Asian Studies",2016,"2016",5,"Bachelors Degree",1,"east-asian-studies","Missoula, MT","31000US33540","missoula-mt-metro-area"
"40","Physical Sciences","4006","Geological & Earth Sciences","400601","General Geology & Earch Science",2016,"2016",5,"Bachelors Degree",22,"general-geology-earch-science","Missoula, MT","31000US33540","missoula-mt-metro-area"
"51","Health","5109","Allied Diagnostic, Intervention, & Treatment Professions","510913","Athletic Trainer",2016,"2016",5,"Bachelors Degree",0,"athletic-trainer","Missoula, MT","31000US33540","missoula-mt-metro-area"
"45","Social Sciences","4506","Economics","450601","General Economics",2016,"2016",5,"Bachelors Degree",11,"general-economics","Missoula, MT","31000US33540","missoula-mt-metro-area"
"40","Physical Sciences","4006","Geological & Earth Sciences","400699","Other Geological & Earth Sciences",2016,"2016",5,"Bachelors Degree",3,"other-geological-earth-sciences","Missoula, MT","31000US33540","missoula-mt-metro-area"
"51","Health","5102","Communication Disorders Sciences & Services","510201","General Communication Sciences & Disorders",2016,"2016",5,"Bachelors Degree",27,"general-communication-sciences-disorders","Missoula, MT","31000US33540","missoula-mt-metro-area"
"40","Physical Sciences","4008","Physics","400801","General Physics",2016,"2016",5,"Bachelors Degree",12,"general-physics","Missoula, MT","31000US33540","missoula-mt-metro-area"
"05","Cultural & Gender Studies","0501","Area Studies","050103","Asian Studies",2016,"2016",5,"Bachelors Degree",2,"asian-studies","Missoula, MT","31000US33540","missoula-mt-metro-area"
"45","Social Sciences","4502","Anthropology","450201","Anthropology",2016,"2016",5,"Bachelors Degree",57,"anthropology-6","Missoula, MT","31000US33540","missoula-mt-metro-area"
"42","Psychology","4201","General Psychology","420101","General Psychology",2016,"2016",5,"Bachelors Degree",132,"general-psychology-6","Missoula, MT","31000US33540","missoula-mt-metro-area"
"44","Public Administration and Social Service","4407","Social Work","440701","Social Work",2016,"2016",5,"Bachelors Degree",43,"social-work-6","Missoula, MT","31000US33540","missoula-mt-metro-area"
"03","Natural Resources & Conservation","0306","Wildlife & Wildlands","030601","Wildlife, Fish, & Wildlands Science",2016,"2016",5,"Bachelors Degree",62,"wildlife-fish-wildlands-science","Missoula, MT","31000US33540","missoula-mt-metro-area"
"26","Biology","2605","Microbiological Sciences & Immunology","260502","General Microbiology",2015,"2015",5,"Bachelors Degree",5,"general-microbiology","Missoula, MT","31000US33540","missoula-mt-metro-area"
"16","Language & Linguistics","1605","Germanic Languages, Literatures, & Linguistics","160501","German Language & Literature",2015,"2015",5,"Bachelors Degree",5,"german-language-literature","Missoula, MT","31000US33540","missoula-mt-metro-area"
"54","History","5401","History","540101","General History",2015,"2015",5,"Bachelors Degree",53,"general-history","Missoula, MT","31000US33540","missoula-mt-metro-area"
"16","Language & Linguistics","1612","Classical Languages, Literatures, & Linguistics","161200","General Classical Language, Literature, & Linguistics",2015,"2015",5,"Bachelors Degree",4,"general-classical-language-literature-linguistics","Missoula, MT","31000US33540","missoula-mt-metro-area"
"50","Visual & Performing Arts","5001","General Visual & Performaing Arts","500101","General Visual & Performing Arts",2015,"2015",5,"Bachelors Degree",0,"general-visual-performing-arts","Missoula, MT","31000US33540","missoula-mt-metro-area"
"27","Math & Statistics","2701","Mathematics","270101","General Mathematics",2015,"2015",5,"Bachelors Degree",32,"general-mathematics","Missoula, MT","31000US33540","missoula-mt-metro-area"
"13","Education","1301","General Education","130101","General Education",2015,"2015",5,"Bachelors Degree",76,"general-education-6","Missoula, MT","31000US33540","missoula-mt-metro-area"
"09","Communications","0901","Communication and Media Studies","090101","Speech Communication & Rhetoric",2015,"2015",5,"Bachelors Degree",79,"speech-communication-rhetoric","Missoula, MT","31000US33540","missoula-mt-metro-area"
"03","Natural Resources & Conservation","0305","Forestry","030501","General Forestry",2015,"2015",5,"Bachelors Degree",35,"general-forestry","Missoula, MT","31000US33540","missoula-mt-metro-area"
"09","Communications","0907","Radio, Television, & Digital Communication","090799","Other Radio, Television, & Digital Communication",2015,"2015",5,"Bachelors Degree",3,"other-radio-television-digital-communication","Missoula, MT","31000US33540","missoula-mt-metro-area"
"30","Interdisciplinary Studies","3099","Other Interdisciplinary Studies","309999","Other Multidisciplinary Studies",2015,"2015",5,"Bachelors Degree",4,"other-multidisciplinary-studies","Missoula, MT","31000US33540","missoula-mt-metro-area"
"50","Visual & Performing Arts","5006","Video & Photographic Arts","500602","Cinematography & Film Production",2015,"2015",5,"Bachelors Degree",40,"cinematography-film-production","Missoula, MT","31000US33540","missoula-mt-metro-area"
"23","English","2301","General English Language & Literature","230101","General English Language & Literature",2015,"2015",5,"Bachelors Degree",69,"general-english-language-literature-6","Missoula, MT","31000US33540","missoula-mt-metro-area"
"11","Computer and Information Sciences and Support Services","1101","General Computer & Information Sciences","110101","General Computer & Information Sciences",2015,"2015",5,"Bachelors Degree",13,"general-computer-information-sciences-6","Missoula, MT","31000US33540","missoula-mt-metro-area"
"45","Social Sciences","4511","Sociology","451101","Sociology",2015,"2015",5,"Bachelors Degree",95,"sociology-6","Missoula, MT","31000US33540","missoula-mt-metro-area"
"31","Parks, Recreation, & Leisure","3103","Parks, Recreation, & Leisure Facilities Management","310301","General Parks, Recreation, & Leisure Facilities Management",2015,"2015",5,"Bachelors Degree",30,"general-parks-recreation-leisure-facilities-management","Missoula, MT","31000US33540","missoula-mt-metro-area"
"03","Natural Resources & Conservation","0301","Natural Resource Conservation & Research","030103","Environmental Studies",2015,"2015",5,"Bachelors Degree",34,"environmental-studies","Missoula, MT","31000US33540","missoula-mt-metro-area"
"52","Business","5212","Management Information Systems & Services","521201","General Management Information Systems",2015,"2015",5,"Bachelors Degree",37,"general-management-information-systems","Missoula, MT","31000US33540","missoula-mt-metro-area"
"51","Health","5110","Medical Laboratory Research & Allied Professions","511005","Clinical Laboratory Technologist",2015,"2015",5,"Bachelors Degree",6,"clinical-laboratory-technologist","Missoula, MT","31000US33540","missoula-mt-metro-area"
"50","Visual & Performing Arts","5005","Theater Arts & Stagecraft","500501","General Drama & Theater Arts",2015,"2015",5,"Bachelors Degree",21,"general-drama-theater-arts","Missoula, MT","31000US33540","missoula-mt-metro-area"
"31","Parks, Recreation, & Leisure","3105","Health & Physical Education","310501","General Health & Physical Education",2015,"2015",5,"Bachelors Degree",17,"general-health-physical-education","Missoula, MT","31000US33540","missoula-mt-metro-area"
"24","Liberal Arts & Humanities","2401","Liberal Arts & Sciences","240101","Liberal Arts & Sciences",2015,"2015",5,"Bachelors Degree",12,"liberal-arts-sciences-6","Missoula, MT","31000US33540","missoula-mt-metro-area"
"03","Natural Resources & Conservation","0301","Natural Resource Conservation & Research","030101","General Natural Resources & Conservation",2015,"2015",5,"Bachelors Degree",60,"general-natural-resources-conservation","Missoula, MT","31000US33540","missoula-mt-metro-area"
"16","Language & Linguistics","1609","Romance Languages, Literatures, & Linguistics","160901","French Language & Literature",2015,"2015",5,"Bachelors Degree",5,"french-language-literature","Missoula, MT","31000US33540","missoula-mt-metro-area"
"45","Social Sciences","4510","Political Science & Government","451001","General Political Science & Government",2015,"2015",5,"Bachelors Degree",52,"general-political-science-government","Missoula, MT","31000US33540","missoula-mt-metro-area"
"38","Philosophy and Religious Studies","3801","Philosophy","380101","Philosophy",2015,"2015",5,"Bachelors Degree",11,"philosophy-6","Missoula, MT","31000US33540","missoula-mt-metro-area"
"16","Language & Linguistics","1604","Slavic, Baltic, & Albanian Languages, Literatures, & Linguistics","160402","Russian Language & Literature",2015,"2015",5,"Bachelors Degree",9,"russian-language-literature","Missoula, MT","31000US33540","missoula-mt-metro-area"
"50","Visual & Performing Arts","5009","Music","500999","Other Music",2015,"2015",5,"Bachelors Degree",40,"other-music","Missoula, MT","31000US33540","missoula-mt-metro-area"
"26","Biology","2601","General Biology","260101","General Biological Sciences",2015,"2015",5,"Bachelors Degree",62,"general-biological-sciences","Missoula, MT","31000US33540","missoula-mt-metro-area"
"40","Physical Sciences","4005","Chemistry","400501","General Chemistry",2015,"2015",5,"Bachelors Degree",11,"general-chemistry","Missoula, MT","31000US33540","missoula-mt-metro-area"
"50","Visual & Performing Arts","5009","Music","500904","Music Theory & Composition",2015,"2015",5,"Bachelors Degree",0,"music-theory-composition","Missoula, MT","31000US33540","missoula-mt-metro-area"
"45","Social Sciences","4507","Geography & Cartography","450701","Geography",2015,"2015",5,"Bachelors Degree",32,"geography","Missoula, MT","31000US33540","missoula-mt-metro-area"
"09","Communications","0904","Journalism","090401","Journalism",2015,"2015",5,"Bachelors Degree",76,"journalism-6","Missoula, MT","31000US33540","missoula-mt-metro-area"
"51","Health","5102","Communication Disorders Sciences & Services","510201","General Communication Sciences & Disorders",2015,"2015",5,"Bachelors Degree",31,"general-communication-sciences-disorders","Missoula, MT","31000US33540","missoula-mt-metro-area"
"40","Physical Sciences","4006","Geological & Earth Sciences","400601","General Geology & Earch Science",2015,"2015",5,"Bachelors Degree",19,"general-geology-earch-science","Missoula, MT","31000US33540","missoula-mt-metro-area"
"52","Business","5202","Business Administration, Management, & Operations","520201","General Business Administration & Management",2015,"2015",5,"Bachelors Degree",254,"general-business-administration-management","Missoula, MT","31000US33540","missoula-mt-metro-area"
"05","Cultural & Gender Studies","0501","Area Studies","050104","East Asian Studies",2015,"2015",5,"Bachelors Degree",2,"east-asian-studies","Missoula, MT","31000US33540","missoula-mt-metro-area"
"52","Business","5203","Accounting","520301","Accounting",2015,"2015",5,"Bachelors Degree",56,"accounting-6","Missoula, MT","31000US33540","missoula-mt-metro-area"
"26","Biology","2602","Biochemistry, Biophysics, & Molecular Biology","260202","Biochemistry",2015,"2015",5,"Bachelors Degree",6,"biochemistry","Missoula, MT","31000US33540","missoula-mt-metro-area"
"40","Physical Sciences","4006","Geological & Earth Sciences","400699","Other Geological & Earth Sciences",2015,"2015",5,"Bachelors Degree",2,"other-geological-earth-sciences","Missoula, MT","31000US33540","missoula-mt-metro-area"
"16","Language & Linguistics","1603","East Asian Languages, Literatures, & Linguistics","160302","Japanese Language & Literature",2015,"2015",5,"Bachelors Degree",3,"japanese-language-literature","Missoula, MT","31000US33540","missoula-mt-metro-area"
"45","Social Sciences","4506","Economics","450601","General Economics",2015,"2015",5,"Bachelors Degree",20,"general-economics","Missoula, MT","31000US33540","missoula-mt-metro-area"
"51","Health","5109","Allied Diagnostic, Intervention, & Treatment Professions","510913","Athletic Trainer",2015,"2015",5,"Bachelors Degree",8,"athletic-trainer","Missoula, MT","31000US33540","missoula-mt-metro-area"
"16","Language & Linguistics","1609","Romance Languages, Literatures, & Linguistics","160905","Spanish Language & Literature",2015,"2015",5,"Bachelors Degree",10,"spanish-language-literature","Missoula, MT","31000US33540","missoula-mt-metro-area"
"40","Physical Sciences","4008","Physics","400801","General Physics",2015,"2015",5,"Bachelors Degree",7,"general-physics","Missoula, MT","31000US33540","missoula-mt-metro-area"
"50","Visual & Performing Arts","5003","Dance","500301","General Dance",2015,"2015",5,"Bachelors Degree",5,"general-dance","Missoula, MT","31000US33540","missoula-mt-metro-area"
"26","Biology","2603","Plant Biology","260301","Botany & Plant Biology",2015,"2015",5,"Bachelors Degree",0,"botany-plant-biology","Missoula, MT","31000US33540","missoula-mt-metro-area"
"03","Natural Resources & Conservation","0306","Wildlife & Wildlands","030601","Wildlife, Fish, & Wildlands Science",2015,"2015",5,"Bachelors Degree",66,"wildlife-fish-wildlands-science","Missoula, MT","31000US33540","missoula-mt-metro-area"
"13","Education","1313","Teacher Education for Specific Subject Areas","131314","Physical Education Teaching & Coaching",2015,"2015",5,"Bachelors Degree",81,"physical-education-teaching-coaching","Missoula, MT","31000US33540","missoula-mt-metro-area"
"42","Psychology","4201","General Psychology","420101","General Psychology",2015,"2015",5,"Bachelors Degree",162,"general-psychology-6","Missoula, MT","31000US33540","missoula-mt-metro-area"
"50","Visual & Performing Arts","5009","Music","500903","General Music Performance",2015,"2015",5,"Bachelors Degree",0,"general-music-performance","Missoula, MT","31000US33540","missoula-mt-metro-area"
"05","Cultural & Gender Studies","0501","Area Studies","050103","Asian Studies",2015,"2015",5,"Bachelors Degree",5,"asian-studies","Missoula, MT","31000US33540","missoula-mt-metro-area"
"45","Social Sciences","4502","Anthropology","450201","Anthropology",2015,"2015",5,"Bachelors Degree",62,"anthropology-6","Missoula, MT","31000US33540","missoula-mt-metro-area"
"44","Public Administration and Social Service","4407","Social Work","440701","Social Work",2015,"2015",5,"Bachelors Degree",64,"social-work-6","Missoula, MT","31000US33540","missoula-mt-metro-area"
"54","History","5401","History","540104","History & Philosophy of Science & Technology",2015,"2015",5,"Bachelors Degree",9,"history-philosophy-of-science-technology","Missoula, MT","31000US33540","missoula-mt-metro-area"
"50","Visual & Performing Arts","5007","Fine & Studio Arts","500705","Drawing",2015,"2015",5,"Bachelors Degree",42,"drawing","Missoula, MT","31000US33540","missoula-mt-metro-area"
"05","Cultural & Gender Studies","0502","Ethnic, Cultural, & Gender Group Studies","050202","Native American Studies",2015,"2015",5,"Bachelors Degree",7,"native-american-studies","Missoula, MT","31000US33540","missoula-mt-metro-area"
"05","Cultural & Gender Studies","0501","Area Studies","050103","Asian Studies",2014,"2014",5,"Bachelors Degree",5,"asian-studies","Missoula, MT","31000US33540","missoula-mt-metro-area"
"44","Public Administration and Social Service","4407","Social Work","440701","Social Work",2014,"2014",5,"Bachelors Degree",68,"social-work-6","Missoula, MT","31000US33540","missoula-mt-metro-area"
"42","Psychology","4201","General Psychology","420101","General Psychology",2014,"2014",5,"Bachelors Degree",154,"general-psychology-6","Missoula, MT","31000US33540","missoula-mt-metro-area"
"51","Health","5109","Allied Diagnostic, Intervention, & Treatment Professions","510913","Athletic Trainer",2014,"2014",5,"Bachelors Degree",9,"athletic-trainer","Missoula, MT","31000US33540","missoula-mt-metro-area"
"40","Physical Sciences","4008","Physics","400801","General Physics",2014,"2014",5,"Bachelors Degree",10,"general-physics","Missoula, MT","31000US33540","missoula-mt-metro-area"
"45","Social Sciences","4506","Economics","450601","General Economics",2014,"2014",5,"Bachelors Degree",19,"general-economics","Missoula, MT","31000US33540","missoula-mt-metro-area"
"05","Cultural & Gender Studies","0501","Area Studies","050104","East Asian Studies",2014,"2014",5,"Bachelors Degree",2,"east-asian-studies","Missoula, MT","31000US33540","missoula-mt-metro-area"
"40","Physical Sciences","4006","Geological & Earth Sciences","400699","Other Geological & Earth Sciences",2014,"2014",5,"Bachelors Degree",5,"other-geological-earth-sciences","Missoula, MT","31000US33540","missoula-mt-metro-area"
"03","Natural Resources & Conservation","0306","Wildlife & Wildlands","030601","Wildlife, Fish, & Wildlands Science",2014,"2014",5,"Bachelors Degree",60,"wildlife-fish-wildlands-science","Missoula, MT","31000US33540","missoula-mt-metro-area"
"40","Physical Sciences","4006","Geological & Earth Sciences","400601","General Geology & Earch Science",2014,"2014",5,"Bachelors Degree",27,"general-geology-earch-science","Missoula, MT","31000US33540","missoula-mt-metro-area"
"45","Social Sciences","4507","Geography & Cartography","450701","Geography",2014,"2014",5,"Bachelors Degree",17,"geography","Missoula, MT","31000US33540","missoula-mt-metro-area"
"05","Cultural & Gender Studies","0502","Ethnic, Cultural, & Gender Group Studies","050202","Native American Studies",2014,"2014",5,"Bachelors Degree",12,"native-american-studies","Missoula, MT","31000US33540","missoula-mt-metro-area"
"40","Physical Sciences","4005","Chemistry","400501","General Chemistry",2014,"2014",5,"Bachelors Degree",16,"general-chemistry","Missoula, MT","31000US33540","missoula-mt-metro-area"
"54","History","5401","History","540104","History & Philosophy of Science & Technology",2014,"2014",5,"Bachelors Degree",6,"history-philosophy-of-science-technology","Missoula, MT","31000US33540","missoula-mt-metro-area"
"51","Health","5102","Communication Disorders Sciences & Services","510201","General Communication Sciences & Disorders",2014,"2014",5,"Bachelors Degree",25,"general-communication-sciences-disorders","Missoula, MT","31000US33540","missoula-mt-metro-area"
"45","Social Sciences","4510","Political Science & Government","451001","General Political Science & Government",2014,"2014",5,"Bachelors Degree",65,"general-political-science-government","Missoula, MT","31000US33540","missoula-mt-metro-area"
"38","Philosophy and Religious Studies","3801","Philosophy","380101","Philosophy",2014,"2014",5,"Bachelors Degree",11,"philosophy-6","Missoula, MT","31000US33540","missoula-mt-metro-area"
"51","Health","5110","Medical Laboratory Research & Allied Professions","511005","Clinical Laboratory Technologist",2014,"2014",5,"Bachelors Degree",7,"clinical-laboratory-technologist","Missoula, MT","31000US33540","missoula-mt-metro-area"
"31","Parks, Recreation, & Leisure","3105","Health & Physical Education","310501","General Health & Physical Education",2014,"2014",5,"Bachelors Degree",84,"general-health-physical-education","Missoula, MT","31000US33540","missoula-mt-metro-area"
"45","Social Sciences","4511","Sociology","451101","Sociology",2014,"2014",5,"Bachelors Degree",85,"sociology-6","Missoula, MT","31000US33540","missoula-mt-metro-area"
"31","Parks, Recreation, & Leisure","3103","Parks, Recreation, & Leisure Facilities Management","310301","General Parks, Recreation, & Leisure Facilities Management",2014,"2014",5,"Bachelors Degree",18,"general-parks-recreation-leisure-facilities-management","Missoula, MT","31000US33540","missoula-mt-metro-area"
"30","Interdisciplinary Studies","3099","Other Interdisciplinary Studies","309999","Other Multidisciplinary Studies",2014,"2014",5,"Bachelors Degree",5,"other-multidisciplinary-studies","Missoula, MT","31000US33540","missoula-mt-metro-area"
"09","Communications","0901","Communication and Media Studies","090101","Speech Communication & Rhetoric",2014,"2014",5,"Bachelors Degree",84,"speech-communication-rhetoric","Missoula, MT","31000US33540","missoula-mt-metro-area"
"03","Natural Resources & Conservation","0305","Forestry","030501","General Forestry",2014,"2014",5,"Bachelors Degree",20,"general-forestry","Missoula, MT","31000US33540","missoula-mt-metro-area"
"50","Visual & Performing Arts","5001","General Visual & Performaing Arts","500101","General Visual & Performing Arts",2014,"2014",5,"Bachelors Degree",3,"general-visual-performing-arts","Missoula, MT","31000US33540","missoula-mt-metro-area"
"27","Math & Statistics","2701","Mathematics","270101","General Mathematics",2014,"2014",5,"Bachelors Degree",29,"general-mathematics","Missoula, MT","31000US33540","missoula-mt-metro-area"
"26","Biology","2605","Microbiological Sciences & Immunology","260502","General Microbiology",2014,"2014",5,"Bachelors Degree",11,"general-microbiology","Missoula, MT","31000US33540","missoula-mt-metro-area"
"45","Social Sciences","4502","Anthropology","450201","Anthropology",2014,"2014",5,"Bachelors Degree",73,"anthropology-6","Missoula, MT","31000US33540","missoula-mt-metro-area"
"03","Natural Resources & Conservation","0301","Natural Resource Conservation & Research","030101","General Natural Resources & Conservation",2014,"2014",5,"Bachelors Degree",46,"general-natural-resources-conservation","Missoula, MT","31000US33540","missoula-mt-metro-area"
"50","Visual & Performing Arts","5003","Dance","500301","General Dance",2014,"2014",5,"Bachelors Degree",9,"general-dance","Missoula, MT","31000US33540","missoula-mt-metro-area"
"26","Biology","2603","Plant Biology","260301","Botany & Plant Biology",2014,"2014",5,"Bachelors Degree",1,"botany-plant-biology","Missoula, MT","31000US33540","missoula-mt-metro-area"
"09","Communications","0904","Journalism","090401","Journalism",2014,"2014",5,"Bachelors Degree",65,"journalism-6","Missoula, MT","31000US33540","missoula-mt-metro-area"
"26","Biology","2602","Biochemistry, Biophysics, & Molecular Biology","260202","Biochemistry",2014,"2014",5,"Bachelors Degree",12,"biochemistry","Missoula, MT","31000US33540","missoula-mt-metro-area"
"26","Biology","2601","General Biology","260101","General Biological Sciences",2014,"2014",5,"Bachelors Degree",84,"general-biological-sciences","Missoula, MT","31000US33540","missoula-mt-metro-area"
"50","Visual & Performing Arts","5005","Theater Arts & Stagecraft","500501","General Drama & Theater Arts",2014,"2014",5,"Bachelors Degree",39,"general-drama-theater-arts","Missoula, MT","31000US33540","missoula-mt-metro-area"
"24","Liberal Arts & Humanities","2401","Liberal Arts & Sciences","240101","Liberal Arts & Sciences",2014,"2014",5,"Bachelors Degree",11,"liberal-arts-sciences-6","Missoula, MT","31000US33540","missoula-mt-metro-area"
"54","History","5401","History","540101","General History",2014,"2014",5,"Bachelors Degree",51,"general-history","Missoula, MT","31000US33540","missoula-mt-metro-area"
"09","Communications","0907","Radio, Television, & Digital Communication","090799","Other Radio, Television, & Digital Communication",2014,"2014",5,"Bachelors Degree",6,"other-radio-television-digital-communication","Missoula, MT","31000US33540","missoula-mt-metro-area"
"50","Visual & Performing Arts","5009","Music","500999","Other Music",2014,"2014",5,"Bachelors Degree",27,"other-music","Missoula, MT","31000US33540","missoula-mt-metro-area"
"50","Visual & Performing Arts","5006","Video & Photographic Arts","500602","Cinematography & Film Production",2014,"2014",5,"Bachelors Degree",49,"cinematography-film-production","Missoula, MT","31000US33540","missoula-mt-metro-area"
"23","English","2301","General English Language & Literature","230101","General English Language & Literature",2014,"2014",5,"Bachelors Degree",75,"general-english-language-literature-6","Missoula, MT","31000US33540","missoula-mt-metro-area"
"16","Language & Linguistics","1612","Classical Languages, Literatures, & Linguistics","161200","General Classical Language, Literature, & Linguistics",2014,"2014",5,"Bachelors Degree",2,"general-classical-language-literature-linguistics","Missoula, MT","31000US33540","missoula-mt-metro-area"
"03","Natural Resources & Conservation","0301","Natural Resource Conservation & Research","030103","Environmental Studies",2014,"2014",5,"Bachelors Degree",31,"environmental-studies","Missoula, MT","31000US33540","missoula-mt-metro-area"
"50","Visual & Performing Arts","5007","Fine & Studio Arts","500705","Drawing",2014,"2014",5,"Bachelors Degree",44,"drawing","Missoula, MT","31000US33540","missoula-mt-metro-area"
"52","Business","5203","Accounting","520301","Accounting",2014,"2014",5,"Bachelors Degree",66,"accounting-6","Missoula, MT","31000US33540","missoula-mt-metro-area"
"16","Language & Linguistics","1609","Romance Languages, Literatures, & Linguistics","160905","Spanish Language & Literature",2014,"2014",5,"Bachelors Degree",21,"spanish-language-literature","Missoula, MT","31000US33540","missoula-mt-metro-area"
"11","Computer and Information Sciences and Support Services","1101","General Computer & Information Sciences","110101","General Computer & Information Sciences",2014,"2014",5,"Bachelors Degree",17,"general-computer-information-sciences-6","Missoula, MT","31000US33540","missoula-mt-metro-area"
"16","Language & Linguistics","1609","Romance Languages, Literatures, & Linguistics","160901","French Language & Literature",2014,"2014",5,"Bachelors Degree",7,"french-language-literature","Missoula, MT","31000US33540","missoula-mt-metro-area"
"50","Visual & Performing Arts","5009","Music","500903","General Music Performance",2014,"2014",5,"Bachelors Degree",1,"general-music-performance","Missoula, MT","31000US33540","missoula-mt-metro-area"
"16","Language & Linguistics","1605","Germanic Languages, Literatures, & Linguistics","160501","German Language & Literature",2014,"2014",5,"Bachelors Degree",6,"german-language-literature","Missoula, MT","31000US33540","missoula-mt-metro-area"
"13","Education","1301","General Education","130101","General Education",2014,"2014",5,"Bachelors Degree",83,"general-education-6","Missoula, MT","31000US33540","missoula-mt-metro-area"
"16","Language & Linguistics","1604","Slavic, Baltic, & Albanian Languages, Literatures, & Linguistics","160402","Russian Language & Literature",2014,"2014",5,"Bachelors Degree",9,"russian-language-literature","Missoula, MT","31000US33540","missoula-mt-metro-area"
"50","Visual & Performing Arts","5009","Music","500904","Music Theory & Composition",2014,"2014",5,"Bachelors Degree",1,"music-theory-composition","Missoula, MT","31000US33540","missoula-mt-metro-area"
"16","Language & Linguistics","1603","East Asian Languages, Literatures, & Linguistics","160302","Japanese Language & Literature",2014,"2014",5,"Bachelors Degree",1,"japanese-language-literature","Missoula, MT","31000US33540","missoula-mt-metro-area"
"52","Business","5202","Business Administration, Management, & Operations","520201","General Business Administration & Management",2014,"2014",5,"Bachelors Degree",265,"general-business-administration-management","Missoula, MT","31000US33540","missoula-mt-metro-area"
"09","Communications","0901","Communication and Media Studies","090101","Speech Communication & Rhetoric",2013,"2013",5,"Bachelors Degree",51,"speech-communication-rhetoric","Missoula, MT","31000US33540","missoula-mt-metro-area"
"16","Language & Linguistics","1609","Romance Languages, Literatures, & Linguistics","160905","Spanish Language & Literature",2013,"2013",5,"Bachelors Degree",20,"spanish-language-literature","Missoula, MT","31000US33540","missoula-mt-metro-area"
"26","Biology","2601","General Biology","260101","General Biological Sciences",2013,"2013",5,"Bachelors Degree",96,"general-biological-sciences","Missoula, MT","31000US33540","missoula-mt-metro-area"
"45","Social Sciences","4510","Political Science & Government","451001","General Political Science & Government",2013,"2013",5,"Bachelors Degree",65,"general-political-science-government","Missoula, MT","31000US33540","missoula-mt-metro-area"
"30","Interdisciplinary Studies","3099","Other Interdisciplinary Studies","309999","Other Multidisciplinary Studies",2013,"2013",5,"Bachelors Degree",3,"other-multidisciplinary-studies","Missoula, MT","31000US33540","missoula-mt-metro-area"
"40","Physical Sciences","4006","Geological & Earth Sciences","400699","Other Geological & Earth Sciences",2013,"2013",5,"Bachelors Degree",0,"other-geological-earth-sciences","Missoula, MT","31000US33540","missoula-mt-metro-area"
"16","Language & Linguistics","1604","Slavic, Baltic, & Albanian Languages, Literatures, & Linguistics","160402","Russian Language & Literature",2013,"2013",5,"Bachelors Degree",7,"russian-language-literature","Missoula, MT","31000US33540","missoula-mt-metro-area"
"13","Education","1301","General Education","130101","General Education",2013,"2013",5,"Bachelors Degree",84,"general-education-6","Missoula, MT","31000US33540","missoula-mt-metro-area"
"51","Health","5102","Communication Disorders Sciences & Services","510201","General Communication Sciences & Disorders",2013,"2013",5,"Bachelors Degree",26,"general-communication-sciences-disorders","Missoula, MT","31000US33540","missoula-mt-metro-area"
"45","Social Sciences","4511","Sociology","451101","Sociology",2013,"2013",5,"Bachelors Degree",74,"sociology-6","Missoula, MT","31000US33540","missoula-mt-metro-area"
"05","Cultural & Gender Studies","0502","Ethnic, Cultural, & Gender Group Studies","050202","Native American Studies",2013,"2013",5,"Bachelors Degree",7,"native-american-studies","Missoula, MT","31000US33540","missoula-mt-metro-area"
"09","Communications","0907","Radio, Television, & Digital Communication","090799","Other Radio, Television, & Digital Communication",2013,"2013",5,"Bachelors Degree",2,"other-radio-television-digital-communication","Missoula, MT","31000US33540","missoula-mt-metro-area"
"05","Cultural & Gender Studies","0501","Area Studies","050104","East Asian Studies",2013,"2013",5,"Bachelors Degree",2,"east-asian-studies","Missoula, MT","31000US33540","missoula-mt-metro-area"
"40","Physical Sciences","4008","Physics","400801","General Physics",2013,"2013",5,"Bachelors Degree",8,"general-physics","Missoula, MT","31000US33540","missoula-mt-metro-area"
"31","Parks, Recreation, & Leisure","3103","Parks, Recreation, & Leisure Facilities Management","310301","General Parks, Recreation, & Leisure Facilities Management",2013,"2013",5,"Bachelors Degree",26,"general-parks-recreation-leisure-facilities-management","Missoula, MT","31000US33540","missoula-mt-metro-area"
"50","Visual & Performing Arts","5001","General Visual & Performaing Arts","500101","General Visual & Performing Arts",2013,"2013",5,"Bachelors Degree",0,"general-visual-performing-arts","Missoula, MT","31000US33540","missoula-mt-metro-area"
"26","Biology","2602","Biochemistry, Biophysics, & Molecular Biology","260202","Biochemistry",2013,"2013",5,"Bachelors Degree",8,"biochemistry","Missoula, MT","31000US33540","missoula-mt-metro-area"
"16","Language & Linguistics","1612","Classical Languages, Literatures, & Linguistics","161200","General Classical Language, Literature, & Linguistics",2013,"2013",5,"Bachelors Degree",4,"general-classical-language-literature-linguistics","Missoula, MT","31000US33540","missoula-mt-metro-area"
"54","History","5401","History","540104","History & Philosophy of Science & Technology",2013,"2013",5,"Bachelors Degree",5,"history-philosophy-of-science-technology","Missoula, MT","31000US33540","missoula-mt-metro-area"
"16","Language & Linguistics","1605","Germanic Languages, Literatures, & Linguistics","160501","German Language & Literature",2013,"2013",5,"Bachelors Degree",9,"german-language-literature","Missoula, MT","31000US33540","missoula-mt-metro-area"
"42","Psychology","4201","General Psychology","420101","General Psychology",2013,"2013",5,"Bachelors Degree",141,"general-psychology-6","Missoula, MT","31000US33540","missoula-mt-metro-area"
"50","Visual & Performing Arts","5003","Dance","500301","General Dance",2013,"2013",5,"Bachelors Degree",6,"general-dance","Missoula, MT","31000US33540","missoula-mt-metro-area"
"05","Cultural & Gender Studies","0501","Area Studies","050103","Asian Studies",2013,"2013",5,"Bachelors Degree",3,"asian-studies","Missoula, MT","31000US33540","missoula-mt-metro-area"
"03","Natural Resources & Conservation","0301","Natural Resource Conservation & Research","030101","General Natural Resources & Conservation",2013,"2013",5,"Bachelors Degree",59,"general-natural-resources-conservation","Missoula, MT","31000US33540","missoula-mt-metro-area"
"03","Natural Resources & Conservation","0305","Forestry","030501","General Forestry",2013,"2013",5,"Bachelors Degree",26,"general-forestry","Missoula, MT","31000US33540","missoula-mt-metro-area"
"52","Business","5203","Accounting","520301","Accounting",2013,"2013",5,"Bachelors Degree",59,"accounting-6","Missoula, MT","31000US33540","missoula-mt-metro-area"
"51","Health","5109","Allied Diagnostic, Intervention, & Treatment Professions","510913","Athletic Trainer",2013,"2013",5,"Bachelors Degree",9,"athletic-trainer","Missoula, MT","31000US33540","missoula-mt-metro-area"
"50","Visual & Performing Arts","5005","Theater Arts & Stagecraft","500501","General Drama & Theater Arts",2013,"2013",5,"Bachelors Degree",22,"general-drama-theater-arts","Missoula, MT","31000US33540","missoula-mt-metro-area"
"44","Public Administration and Social Service","4407","Social Work","440701","Social Work",2013,"2013",5,"Bachelors Degree",65,"social-work-6","Missoula, MT","31000US33540","missoula-mt-metro-area"
"23","English","2301","General English Language & Literature","230101","General English Language & Literature",2013,"2013",5,"Bachelors Degree",101,"general-english-language-literature-6","Missoula, MT","31000US33540","missoula-mt-metro-area"
"54","History","5401","History","540101","General History",2013,"2013",5,"Bachelors Degree",56,"general-history","Missoula, MT","31000US33540","missoula-mt-metro-area"
"11","Computer and Information Sciences and Support Services","1101","General Computer & Information Sciences","110101","General Computer & Information Sciences",2013,"2013",5,"Bachelors Degree",13,"general-computer-information-sciences-6","Missoula, MT","31000US33540","missoula-mt-metro-area"
"38","Philosophy and Religious Studies","3801","Philosophy","380101","Philosophy",2013,"2013",5,"Bachelors Degree",6,"philosophy-6","Missoula, MT","31000US33540","missoula-mt-metro-area"
"50","Visual & Performing Arts","5006","Video & Photographic Arts","500602","Cinematography & Film Production",2013,"2013",5,"Bachelors Degree",26,"cinematography-film-production","Missoula, MT","31000US33540","missoula-mt-metro-area"
"26","Biology","2605","Microbiological Sciences & Immunology","260502","General Microbiology",2013,"2013",5,"Bachelors Degree",8,"general-microbiology","Missoula, MT","31000US33540","missoula-mt-metro-area"
"45","Social Sciences","4502","Anthropology","450201","Anthropology",2013,"2013",5,"Bachelors Degree",76,"anthropology-6","Missoula, MT","31000US33540","missoula-mt-metro-area"
"16","Language & Linguistics","1603","East Asian Languages, Literatures, & Linguistics","160302","Japanese Language & Literature",2013,"2013",5,"Bachelors Degree",6,"japanese-language-literature","Missoula, MT","31000US33540","missoula-mt-metro-area"
"16","Language & Linguistics","1609","Romance Languages, Literatures, & Linguistics","160901","French Language & Literature",2013,"2013",5,"Bachelors Degree",8,"french-language-literature","Missoula, MT","31000US33540","missoula-mt-metro-area"
"50","Visual & Performing Arts","5009","Music","500999","Other Music",2013,"2013",5,"Bachelors Degree",20,"other-music","Missoula, MT","31000US33540","missoula-mt-metro-area"
"50","Visual & Performing Arts","5007","Fine & Studio Arts","500705","Drawing",2013,"2013",5,"Bachelors Degree",44,"drawing","Missoula, MT","31000US33540","missoula-mt-metro-area"
"09","Communications","0904","Journalism","090401","Journalism",2013,"2013",5,"Bachelors Degree",52,"journalism-6","Missoula, MT","31000US33540","missoula-mt-metro-area"
"51","Health","5110","Medical Laboratory Research & Allied Professions","511005","Clinical Laboratory Technologist",2013,"2013",5,"Bachelors Degree",12,"clinical-laboratory-technologist","Missoula, MT","31000US33540","missoula-mt-metro-area"
"40","Physical Sciences","4005","Chemistry","400501","General Chemistry",2013,"2013",5,"Bachelors Degree",6,"general-chemistry","Missoula, MT","31000US33540","missoula-mt-metro-area"
"45","Social Sciences","4506","Economics","450601","General Economics",2013,"2013",5,"Bachelors Degree",22,"general-economics","Missoula, MT","31000US33540","missoula-mt-metro-area"
"24","Liberal Arts & Humanities","2401","Liberal Arts & Sciences","240101","Liberal Arts & Sciences",2013,"2013",5,"Bachelors Degree",13,"liberal-arts-sciences-6","Missoula, MT","31000US33540","missoula-mt-metro-area"
"50","Visual & Performing Arts","5009","Music","500903","General Music Performance",2013,"2013",5,"Bachelors Degree",1,"general-music-performance","Missoula, MT","31000US33540","missoula-mt-metro-area"
"03","Natural Resources & Conservation","0301","Natural Resource Conservation & Research","030103","Environmental Studies",2013,"2013",5,"Bachelors Degree",43,"environmental-studies","Missoula, MT","31000US33540","missoula-mt-metro-area"
"52","Business","5202","Business Administration, Management, & Operations","520201","General Business Administration & Management",2013,"2013",5,"Bachelors Degree",317,"general-business-administration-management","Missoula, MT","31000US33540","missoula-mt-metro-area"
"27","Math & Statistics","2701","Mathematics","270101","General Mathematics",2013,"2013",5,"Bachelors Degree",21,"general-mathematics","Missoula, MT","31000US33540","missoula-mt-metro-area"
"31","Parks, Recreation, & Leisure","3105","Health & Physical Education","310501","General Health & Physical Education",2013,"2013",5,"Bachelors Degree",75,"general-health-physical-education","Missoula, MT","31000US33540","missoula-mt-metro-area"
"45","Social Sciences","4507","Geography & Cartography","450701","Geography",2013,"2013",5,"Bachelors Degree",21,"geography","Missoula, MT","31000US33540","missoula-mt-metro-area"
"40","Physical Sciences","4006","Geological & Earth Sciences","400601","General Geology & Earch Science",2013,"2013",5,"Bachelors Degree",23,"general-geology-earch-science","Missoula, MT","31000US33540","missoula-mt-metro-area"
"03","Natural Resources & Conservation","0306","Wildlife & Wildlands","030601","Wildlife, Fish, & Wildlands Science",2013,"2013",5,"Bachelors Degree",60,"wildlife-fish-wildlands-science","Missoula, MT","31000US33540","missoula-mt-metro-area"
"27","Math & Statistics","2701","Mathematics","270101","General Mathematics",2012,"2012",5,"Bachelors Degree",15,"general-mathematics","Missoula, MT","31000US33540","missoula-mt-metro-area"
"50","Visual & Performing Arts","5009","Music","500903","General Music Performance",2012,"2012",5,"Bachelors Degree",1,"general-music-performance","Missoula, MT","31000US33540","missoula-mt-metro-area"
"50","Visual & Performing Arts","5007","Fine & Studio Arts","500705","Drawing",2012,"2012",5,"Bachelors Degree",49,"drawing","Missoula, MT","31000US33540","missoula-mt-metro-area"
"50","Visual & Performing Arts","5006","Video & Photographic Arts","500602","Cinematography & Film Production",2012,"2012",5,"Bachelors Degree",32,"cinematography-film-production","Missoula, MT","31000US33540","missoula-mt-metro-area"
"50","Visual & Performing Arts","5005","Theater Arts & Stagecraft","500501","General Drama & Theater Arts",2012,"2012",5,"Bachelors Degree",29,"general-drama-theater-arts","Missoula, MT","31000US33540","missoula-mt-metro-area"
"50","Visual & Performing Arts","5003","Dance","500301","General Dance",2012,"2012",5,"Bachelors Degree",1,"general-dance","Missoula, MT","31000US33540","missoula-mt-metro-area"
"50","Visual & Performing Arts","5001","General Visual & Performaing Arts","500101","General Visual & Performing Arts",2012,"2012",5,"Bachelors Degree",5,"general-visual-performing-arts","Missoula, MT","31000US33540","missoula-mt-metro-area"
"51","Health","5102","Communication Disorders Sciences & Services","510201","General Communication Sciences & Disorders",2012,"2012",5,"Bachelors Degree",18,"general-communication-sciences-disorders","Missoula, MT","31000US33540","missoula-mt-metro-area"
"45","Social Sciences","4511","Sociology","451101","Sociology",2012,"2012",5,"Bachelors Degree",89,"sociology-6","Missoula, MT","31000US33540","missoula-mt-metro-area"
"45","Social Sciences","4510","Political Science & Government","451001","General Political Science & Government",2012,"2012",5,"Bachelors Degree",63,"general-political-science-government","Missoula, MT","31000US33540","missoula-mt-metro-area"
"45","Social Sciences","4507","Geography & Cartography","450701","Geography",2012,"2012",5,"Bachelors Degree",21,"geography","Missoula, MT","31000US33540","missoula-mt-metro-area"
"45","Social Sciences","4506","Economics","450601","General Economics",2012,"2012",5,"Bachelors Degree",12,"general-economics","Missoula, MT","31000US33540","missoula-mt-metro-area"
"45","Social Sciences","4502","Anthropology","450201","Anthropology",2012,"2012",5,"Bachelors Degree",81,"anthropology-6","Missoula, MT","31000US33540","missoula-mt-metro-area"
"51","Health","5109","Allied Diagnostic, Intervention, & Treatment Professions","510913","Athletic Trainer",2012,"2012",5,"Bachelors Degree",6,"athletic-trainer","Missoula, MT","31000US33540","missoula-mt-metro-area"
"44","Public Administration and Social Service","4407","Social Work","440701","Social Work",2012,"2012",5,"Bachelors Degree",45,"social-work-6","Missoula, MT","31000US33540","missoula-mt-metro-area"
"42","Psychology","4201","General Psychology","420101","General Psychology",2012,"2012",5,"Bachelors Degree",109,"general-psychology-6","Missoula, MT","31000US33540","missoula-mt-metro-area"
"40","Physical Sciences","4008","Physics","400801","General Physics",2012,"2012",5,"Bachelors Degree",6,"general-physics","Missoula, MT","31000US33540","missoula-mt-metro-area"
"40","Physical Sciences","4006","Geological & Earth Sciences","400699","Other Geological & Earth Sciences",2012,"2012",5,"Bachelors Degree",2,"other-geological-earth-sciences","Missoula, MT","31000US33540","missoula-mt-metro-area"
"40","Physical Sciences","4006","Geological & Earth Sciences","400601","General Geology & Earch Science",2012,"2012",5,"Bachelors Degree",21,"general-geology-earch-science","Missoula, MT","31000US33540","missoula-mt-metro-area"
"51","Health","5110","Medical Laboratory Research & Allied Professions","511005","Clinical Laboratory Technologist",2012,"2012",5,"Bachelors Degree",8,"clinical-laboratory-technologist","Missoula, MT","31000US33540","missoula-mt-metro-area"
"40","Physical Sciences","4005","Chemistry","400501","General Chemistry",2012,"2012",5,"Bachelors Degree",12,"general-chemistry","Missoula, MT","31000US33540","missoula-mt-metro-area"
"38","Philosophy and Religious Studies","3801","Philosophy","380101","Philosophy",2012,"2012",5,"Bachelors Degree",12,"philosophy-6","Missoula, MT","31000US33540","missoula-mt-metro-area"
"31","Parks, Recreation, & Leisure","3105","Health & Physical Education","310501","General Health & Physical Education",2012,"2012",5,"Bachelors Degree",79,"general-health-physical-education","Missoula, MT","31000US33540","missoula-mt-metro-area"
"31","Parks, Recreation, & Leisure","3103","Parks, Recreation, & Leisure Facilities Management","310301","General Parks, Recreation, & Leisure Facilities Management",2012,"2012",5,"Bachelors Degree",22,"general-parks-recreation-leisure-facilities-management","Missoula, MT","31000US33540","missoula-mt-metro-area"
"30","Interdisciplinary Studies","3099","Other Interdisciplinary Studies","309999","Other Multidisciplinary Studies",2012,"2012",5,"Bachelors Degree",5,"other-multidisciplinary-studies","Missoula, MT","31000US33540","missoula-mt-metro-area"
"52","Business","5202","Business Administration, Management, & Operations","520201","General Business Administration & Management",2012,"2012",5,"Bachelors Degree",376,"general-business-administration-management","Missoula, MT","31000US33540","missoula-mt-metro-area"
"50","Visual & Performing Arts","5009","Music","500999","Other Music",2012,"2012",5,"Bachelors Degree",22,"other-music","Missoula, MT","31000US33540","missoula-mt-metro-area"
"26","Biology","2605","Microbiological Sciences & Immunology","260502","General Microbiology",2012,"2012",5,"Bachelors Degree",6,"general-microbiology","Missoula, MT","31000US33540","missoula-mt-metro-area"
"26","Biology","2602","Biochemistry, Biophysics, & Molecular Biology","260202","Biochemistry",2012,"2012",5,"Bachelors Degree",4,"biochemistry","Missoula, MT","31000US33540","missoula-mt-metro-area"
"26","Biology","2601","General Biology","260101","General Biological Sciences",2012,"2012",5,"Bachelors Degree",82,"general-biological-sciences","Missoula, MT","31000US33540","missoula-mt-metro-area"
"24","Liberal Arts & Humanities","2401","Liberal Arts & Sciences","240101","Liberal Arts & Sciences",2012,"2012",5,"Bachelors Degree",11,"liberal-arts-sciences-6","Missoula, MT","31000US33540","missoula-mt-metro-area"
"52","Business","5203","Accounting","520301","Accounting",2012,"2012",5,"Bachelors Degree",55,"accounting-6","Missoula, MT","31000US33540","missoula-mt-metro-area"
"23","English","2301","General English Language & Literature","230101","General English Language & Literature",2012,"2012",5,"Bachelors Degree",86,"general-english-language-literature-6","Missoula, MT","31000US33540","missoula-mt-metro-area"
"16","Language & Linguistics","1612","Classical Languages, Literatures, & Linguistics","161200","General Classical Language, Literature, & Linguistics",2012,"2012",5,"Bachelors Degree",4,"general-classical-language-literature-linguistics","Missoula, MT","31000US33540","missoula-mt-metro-area"
"16","Language & Linguistics","1609","Romance Languages, Literatures, & Linguistics","160905","Spanish Language & Literature",2012,"2012",5,"Bachelors Degree",19,"spanish-language-literature","Missoula, MT","31000US33540","missoula-mt-metro-area"
"16","Language & Linguistics","1609","Romance Languages, Literatures, & Linguistics","160901","French Language & Literature",2012,"2012",5,"Bachelors Degree",4,"french-language-literature","Missoula, MT","31000US33540","missoula-mt-metro-area"
"16","Language & Linguistics","1605","Germanic Languages, Literatures, & Linguistics","160501","German Language & Literature",2012,"2012",5,"Bachelors Degree",6,"german-language-literature","Missoula, MT","31000US33540","missoula-mt-metro-area"
"16","Language & Linguistics","1604","Slavic, Baltic, & Albanian Languages, Literatures, & Linguistics","160402","Russian Language & Literature",2012,"2012",5,"Bachelors Degree",8,"russian-language-literature","Missoula, MT","31000US33540","missoula-mt-metro-area"
"16","Language & Linguistics","1603","East Asian Languages, Literatures, & Linguistics","160302","Japanese Language & Literature",2012,"2012",5,"Bachelors Degree",7,"japanese-language-literature","Missoula, MT","31000US33540","missoula-mt-metro-area"
"13","Education","1301","General Education","130101","General Education",2012,"2012",5,"Bachelors Degree",91,"general-education-6","Missoula, MT","31000US33540","missoula-mt-metro-area"
"54","History","5401","History","540101","General History",2012,"2012",5,"Bachelors Degree",51,"general-history","Missoula, MT","31000US33540","missoula-mt-metro-area"
"11","Computer and Information Sciences and Support Services","1101","General Computer & Information Sciences","110101","General Computer & Information Sciences",2012,"2012",5,"Bachelors Degree",7,"general-computer-information-sciences-6","Missoula, MT","31000US33540","missoula-mt-metro-area"
"09","Communications","0907","Radio, Television, & Digital Communication","090799","Other Radio, Television, & Digital Communication",2012,"2012",5,"Bachelors Degree",5,"other-radio-television-digital-communication","Missoula, MT","31000US33540","missoula-mt-metro-area"
"09","Communications","0904","Journalism","090401","Journalism",2012,"2012",5,"Bachelors Degree",65,"journalism-6","Missoula, MT","31000US33540","missoula-mt-metro-area"
"09","Communications","0901","Communication and Media Studies","090101","Speech Communication & Rhetoric",2012,"2012",5,"Bachelors Degree",80,"speech-communication-rhetoric","Missoula, MT","31000US33540","missoula-mt-metro-area"
"05","Cultural & Gender Studies","0502","Ethnic, Cultural, & Gender Group Studies","050202","Native American Studies",2012,"2012",5,"Bachelors Degree",8,"native-american-studies","Missoula, MT","31000US33540","missoula-mt-metro-area"
"54","History","5401","History","540104","History & Philosophy of Science & Technology",2012,"2012",5,"Bachelors Degree",8,"history-philosophy-of-science-technology","Missoula, MT","31000US33540","missoula-mt-metro-area"
"05","Cultural & Gender Studies","0501","Area Studies","050103","Asian Studies",2012,"2012",5,"Bachelors Degree",4,"asian-studies","Missoula, MT","31000US33540","missoula-mt-metro-area"
"03","Natural Resources & Conservation","0306","Wildlife & Wildlands","030601","Wildlife, Fish, & Wildlands Science",2012,"2012",5,"Bachelors Degree",45,"wildlife-fish-wildlands-science","Missoula, MT","31000US33540","missoula-mt-metro-area"
"03","Natural Resources & Conservation","0305","Forestry","030501","General Forestry",2012,"2012",5,"Bachelors Degree",13,"general-forestry","Missoula, MT","31000US33540","missoula-mt-metro-area"
"03","Natural Resources & Conservation","0301","Natural Resource Conservation & Research","030103","Environmental Studies",2012,"2012",5,"Bachelors Degree",31,"environmental-studies","Missoula, MT","31000US33540","missoula-mt-metro-area"
"03","Natural Resources & Conservation","0301","Natural Resource Conservation & Research","030101","General Natural Resources & Conservation",2012,"2012",5,"Bachelors Degree",49,"general-natural-resources-conservation","Missoula, MT","31000US33540","missoula-mt-metro-area"