ID Group,Group,ID Industry,Industry,ID Year,Year,Workforce by Industry and Gender,Workforce by Industry and Gender Moe,Geography,ID Geography,Slug Geography
9,"Educational Services, & Health Care & Social Assistance",14,"Educational Services",2017,"2017",7115,607.3565674297101,"Missoula, MT","31000US33540","missoula-mt-metro-area"
12,"Public Administration (Group)",19,"Public Administration",2017,"2017",2371,332.6048706799105,"Missoula, MT","31000US33540","missoula-mt-metro-area"
11,"Other Services, Except Public Administration (Group)",18,"Other Services, Except Public Administration",2017,"2017",2766,368.391096526504,"Missoula, MT","31000US33540","missoula-mt-metro-area"
0,"Agriculture, Forestry, Fishing & Hunting, & Mining",1,"Mining, Quarrying, & Oil & Gas Extraction",2017,"2017",396,152.12166183683374,"Missoula, MT","31000US33540","missoula-mt-metro-area"
10,"Arts, Entertainment, & Recreation, & Accommodation & Food Services",17,"Accommodation & Food Services",2017,"2017",6082,699.766389590126,"Missoula, MT","31000US33540","missoula-mt-metro-area"
1,"Construction (Group)",2,"Construction",2017,"2017",4246,622.8523099419316,"Missoula, MT","31000US33540","missoula-mt-metro-area"
10,"Arts, Entertainment, & Recreation, & Accommodation & Food Services",16,"Arts, Entertainment, & Recreation",2017,"2017",1476,264.4730610100016,"Missoula, MT","31000US33540","missoula-mt-metro-area"
2,"Manufacturing (Group)",3,"Manufacturing",2017,"2017",2274,374.4783037774018,"Missoula, MT","31000US33540","missoula-mt-metro-area"
9,"Educational Services, & Health Care & Social Assistance",15,"Health Care & Social Assistance",2017,"2017",9489,626.2563372932844,"Missoula, MT","31000US33540","missoula-mt-metro-area"
3,"Wholesale Trade (Group)",4,"Wholesale Trade",2017,"2017",1651,356.96778566139545,"Missoula, MT","31000US33540","missoula-mt-metro-area"
0,"Agriculture, Forestry, Fishing & Hunting, & Mining",0,"Agriculture, Forestry, Fishing & Hunting",2017,"2017",1652,327.2002444986862,"Missoula, MT","31000US33540","missoula-mt-metro-area"
4,"Retail Trade (Group)",5,"Retail Trade",2017,"2017",7311,688.4184773813091,"Missoula, MT","31000US33540","missoula-mt-metro-area"
8,"Professional, Scientific, & Management, & Administrative & Waste Management Services",13,"Administrative & Support & Waste Management Services",2017,"2017",1899,381.9319311081491,"Missoula, MT","31000US33540","missoula-mt-metro-area"
5,"Transportation & Warehousing, & Utilities",6,"Transportation & Warehousing",2017,"2017",2624,372.1746901657876,"Missoula, MT","31000US33540","missoula-mt-metro-area"
8,"Professional, Scientific, & Management, & Administrative & Waste Management Services",12,"Management of Companies & Enterprises",2017,"2017",28,23.706539182259394,"Missoula, MT","31000US33540","missoula-mt-metro-area"
5,"Transportation & Warehousing, & Utilities",7,"Utilities",2017,"2017",350,164.76953601925325,"Missoula, MT","31000US33540","missoula-mt-metro-area"
8,"Professional, Scientific, & Management, & Administrative & Waste Management Services",11,"Professional, Scientific, & Technical Services",2017,"2017",4563,480.91267398562076,"Missoula, MT","31000US33540","missoula-mt-metro-area"
6,"Information (Group)",8,"Information",2017,"2017",1860,354.01271163617844,"Missoula, MT","31000US33540","missoula-mt-metro-area"
7,"Finance & Insurance, & Real Estate & Rental & Leasing",10,"Real Estate & Rental & Leasing",2017,"2017",1238,281.3005510126136,"Missoula, MT","31000US33540","missoula-mt-metro-area"
7,"Finance & Insurance, & Real Estate & Rental & Leasing",9,"Finance & Insurance",2017,"2017",2253,387.0206712825556,"Missoula, MT","31000US33540","missoula-mt-metro-area"
1,"Construction (Group)",2,"Construction",2016,"2016",4332,548.139580763878,"Missoula, MT","31000US33540","missoula-mt-metro-area"
9,"Educational Services, & Health Care & Social Assistance",14,"Educational Services",2016,"2016",7437,613.726323372234,"Missoula, MT","31000US33540","missoula-mt-metro-area"
4,"Retail Trade (Group)",5,"Retail Trade",2016,"2016",6943,669.8305755935602,"Missoula, MT","31000US33540","missoula-mt-metro-area"
11,"Other Services, Except Public Administration (Group)",18,"Other Services, Except Public Administration",2016,"2016",2697,401.7810348933857,"Missoula, MT","31000US33540","missoula-mt-metro-area"
0,"Agriculture, Forestry, Fishing & Hunting, & Mining",1,"Mining, Quarrying, & Oil & Gas Extraction",2016,"2016",372,143.69411957348848,"Missoula, MT","31000US33540","missoula-mt-metro-area"
8,"Professional, Scientific, & Management, & Administrative & Waste Management Services",13,"Administrative & Support & Waste Management Services",2016,"2016",1862,341.57576026410305,"Missoula, MT","31000US33540","missoula-mt-metro-area"
5,"Transportation & Warehousing, & Utilities",6,"Transportation & Warehousing",2016,"2016",2329,377.0331550407736,"Missoula, MT","31000US33540","missoula-mt-metro-area"
10,"Arts, Entertainment, & Recreation, & Accommodation & Food Services",16,"Arts, Entertainment, & Recreation",2016,"2016",1547,326.2207841324645,"Missoula, MT","31000US33540","missoula-mt-metro-area"
2,"Manufacturing (Group)",3,"Manufacturing",2016,"2016",2233,359.7624216062595,"Missoula, MT","31000US33540","missoula-mt-metro-area"
8,"Professional, Scientific, & Management, & Administrative & Waste Management Services",12,"Management of Companies & Enterprises",2016,"2016",9,25.079872407968907,"Missoula, MT","31000US33540","missoula-mt-metro-area"
5,"Transportation & Warehousing, & Utilities",7,"Utilities",2016,"2016",249,133.86933928274985,"Missoula, MT","31000US33540","missoula-mt-metro-area"
12,"Public Administration (Group)",19,"Public Administration",2016,"2016",2432,325.04307406865325,"Missoula, MT","31000US33540","missoula-mt-metro-area"
0,"Agriculture, Forestry, Fishing & Hunting, & Mining",0,"Agriculture, Forestry, Fishing & Hunting",2016,"2016",1557,330.6191162047349,"Missoula, MT","31000US33540","missoula-mt-metro-area"
8,"Professional, Scientific, & Management, & Administrative & Waste Management Services",11,"Professional, Scientific, & Technical Services",2016,"2016",4384,513.5542814542588,"Missoula, MT","31000US33540","missoula-mt-metro-area"
6,"Information (Group)",8,"Information",2016,"2016",1860,370.2553173149577,"Missoula, MT","31000US33540","missoula-mt-metro-area"
9,"Educational Services, & Health Care & Social Assistance",15,"Health Care & Social Assistance",2016,"2016",9095,669.1823368858446,"Missoula, MT","31000US33540","missoula-mt-metro-area"
3,"Wholesale Trade (Group)",4,"Wholesale Trade",2016,"2016",1819,332.6093805051205,"Missoula, MT","31000US33540","missoula-mt-metro-area"
7,"Finance & Insurance, & Real Estate & Rental & Leasing",10,"Real Estate & Rental & Leasing",2016,"2016",879,203.38387350033432,"Missoula, MT","31000US33540","missoula-mt-metro-area"
7,"Finance & Insurance, & Real Estate & Rental & Leasing",9,"Finance & Insurance",2016,"2016",1988,336.3108680967655,"Missoula, MT","31000US33540","missoula-mt-metro-area"
10,"Arts, Entertainment, & Recreation, & Accommodation & Food Services",17,"Accommodation & Food Services",2016,"2016",6134,713.4844076782617,"Missoula, MT","31000US33540","missoula-mt-metro-area"
4,"Retail Trade (Group)",5,"Retail Trade",2015,"2015",7299,680.9530086577194,"Missoula, MT","31000US33540","missoula-mt-metro-area"
0,"Agriculture, Forestry, Fishing & Hunting, & Mining",0,"Agriculture, Forestry, Fishing & Hunting",2015,"2015",1850,346.59774955991855,"Missoula, MT","31000US33540","missoula-mt-metro-area"
7,"Finance & Insurance, & Real Estate & Rental & Leasing",9,"Finance & Insurance",2015,"2015",1977,361.9419843013518,"Missoula, MT","31000US33540","missoula-mt-metro-area"
8,"Professional, Scientific, & Management, & Administrative & Waste Management Services",11,"Professional, Scientific, & Technical Services",2015,"2015",4305,469.6658386555276,"Missoula, MT","31000US33540","missoula-mt-metro-area"
6,"Information (Group)",8,"Information",2015,"2015",1931,383.4709897762802,"Missoula, MT","31000US33540","missoula-mt-metro-area"
8,"Professional, Scientific, & Management, & Administrative & Waste Management Services",12,"Management of Companies & Enterprises",2015,"2015",14,11.40175425099138,"Missoula, MT","31000US33540","missoula-mt-metro-area"
5,"Transportation & Warehousing, & Utilities",7,"Utilities",2015,"2015",222,116.81181447096866,"Missoula, MT","31000US33540","missoula-mt-metro-area"
8,"Professional, Scientific, & Management, & Administrative & Waste Management Services",13,"Administrative & Support & Waste Management Services",2015,"2015",1884,350.33269901623515,"Missoula, MT","31000US33540","missoula-mt-metro-area"
5,"Transportation & Warehousing, & Utilities",6,"Transportation & Warehousing",2015,"2015",1951,342.23529917295207,"Missoula, MT","31000US33540","missoula-mt-metro-area"
9,"Educational Services, & Health Care & Social Assistance",14,"Educational Services",2015,"2015",7021,618.6857037300928,"Missoula, MT","31000US33540","missoula-mt-metro-area"
7,"Finance & Insurance, & Real Estate & Rental & Leasing",10,"Real Estate & Rental & Leasing",2015,"2015",870,186.81006396872732,"Missoula, MT","31000US33540","missoula-mt-metro-area"
9,"Educational Services, & Health Care & Social Assistance",15,"Health Care & Social Assistance",2015,"2015",8793,582.1589130125898,"Missoula, MT","31000US33540","missoula-mt-metro-area"
3,"Wholesale Trade (Group)",4,"Wholesale Trade",2015,"2015",1376,303.6609951903603,"Missoula, MT","31000US33540","missoula-mt-metro-area"
10,"Arts, Entertainment, & Recreation, & Accommodation & Food Services",16,"Arts, Entertainment, & Recreation",2015,"2015",1592,343.6800837988725,"Missoula, MT","31000US33540","missoula-mt-metro-area"
2,"Manufacturing (Group)",3,"Manufacturing",2015,"2015",2240,371.51715976519847,"Missoula, MT","31000US33540","missoula-mt-metro-area"
10,"Arts, Entertainment, & Recreation, & Accommodation & Food Services",17,"Accommodation & Food Services",2015,"2015",5936,599.6682416136442,"Missoula, MT","31000US33540","missoula-mt-metro-area"
1,"Construction (Group)",2,"Construction",2015,"2015",4212,463.9935344377118,"Missoula, MT","31000US33540","missoula-mt-metro-area"
11,"Other Services, Except Public Administration (Group)",18,"Other Services, Except Public Administration",2015,"2015",2988,398.62890010635203,"Missoula, MT","31000US33540","missoula-mt-metro-area"
0,"Agriculture, Forestry, Fishing & Hunting, & Mining",1,"Mining, Quarrying, & Oil & Gas Extraction",2015,"2015",389,150.3329637837291,"Missoula, MT","31000US33540","missoula-mt-metro-area"
12,"Public Administration (Group)",19,"Public Administration",2015,"2015",2253,349.7227473299385,"Missoula, MT","31000US33540","missoula-mt-metro-area"
7,"Finance & Insurance, & Real Estate & Rental & Leasing",10,"Real Estate & Rental & Leasing",2014,"2014",931,206.01456259206532,"Missoula, MT","31000US33540","missoula-mt-metro-area"
9,"Educational Services, & Health Care & Social Assistance",15,"Health Care & Social Assistance",2014,"2014",9237,699.2717640517169,"Missoula, MT","31000US33540","missoula-mt-metro-area"
0,"Agriculture, Forestry, Fishing & Hunting, & Mining",0,"Agriculture, Forestry, Fishing & Hunting",2014,"2014",1684,333.5940646954019,"Missoula, MT","31000US33540","missoula-mt-metro-area"
5,"Transportation & Warehousing, & Utilities",7,"Utilities",2014,"2014",165,75.66372975210777,"Missoula, MT","31000US33540","missoula-mt-metro-area"
3,"Wholesale Trade (Group)",4,"Wholesale Trade",2014,"2014",1281,285.2718002186686,"Missoula, MT","31000US33540","missoula-mt-metro-area"
10,"Arts, Entertainment, & Recreation, & Accommodation & Food Services",16,"Arts, Entertainment, & Recreation",2014,"2014",1607,325.41972896553153,"Missoula, MT","31000US33540","missoula-mt-metro-area"
8,"Professional, Scientific, & Management, & Administrative & Waste Management Services",13,"Administrative & Support & Waste Management Services",2014,"2014",2055,344.20923869065456,"Missoula, MT","31000US33540","missoula-mt-metro-area"
7,"Finance & Insurance, & Real Estate & Rental & Leasing",9,"Finance & Insurance",2014,"2014",1894,309.73859946735735,"Missoula, MT","31000US33540","missoula-mt-metro-area"
2,"Manufacturing (Group)",3,"Manufacturing",2014,"2014",2194,386.04792448606685,"Missoula, MT","31000US33540","missoula-mt-metro-area"
10,"Arts, Entertainment, & Recreation, & Accommodation & Food Services",17,"Accommodation & Food Services",2014,"2014",5912,605.1859218455102,"Missoula, MT","31000US33540","missoula-mt-metro-area"
6,"Information (Group)",8,"Information",2014,"2014",2094,367.60984752859923,"Missoula, MT","31000US33540","missoula-mt-metro-area"
5,"Transportation & Warehousing, & Utilities",6,"Transportation & Warehousing",2014,"2014",1922,334.5713675734969,"Missoula, MT","31000US33540","missoula-mt-metro-area"
1,"Construction (Group)",2,"Construction",2014,"2014",4104,449.16923314047233,"Missoula, MT","31000US33540","missoula-mt-metro-area"
11,"Other Services, Except Public Administration (Group)",18,"Other Services, Except Public Administration",2014,"2014",2713,388.94986823496936,"Missoula, MT","31000US33540","missoula-mt-metro-area"
9,"Educational Services, & Health Care & Social Assistance",14,"Educational Services",2014,"2014",6714,583.1680718283537,"Missoula, MT","31000US33540","missoula-mt-metro-area"
8,"Professional, Scientific, & Management, & Administrative & Waste Management Services",12,"Management of Companies & Enterprises",2014,"2014",8,8.485281374238571,"Missoula, MT","31000US33540","missoula-mt-metro-area"
0,"Agriculture, Forestry, Fishing & Hunting, & Mining",1,"Mining, Quarrying, & Oil & Gas Extraction",2014,"2014",318,124.34226956268732,"Missoula, MT","31000US33540","missoula-mt-metro-area"
12,"Public Administration (Group)",19,"Public Administration",2014,"2014",2040,305.6795707926848,"Missoula, MT","31000US33540","missoula-mt-metro-area"
8,"Professional, Scientific, & Management, & Administrative & Waste Management Services",11,"Professional, Scientific, & Technical Services",2014,"2014",3935,420.2201803816661,"Missoula, MT","31000US33540","missoula-mt-metro-area"
4,"Retail Trade (Group)",5,"Retail Trade",2014,"2014",7242,690.8726365980925,"Missoula, MT","31000US33540","missoula-mt-metro-area"
10,"Arts, Entertainment, & Recreation, & Accommodation & Food Services",16,"Arts, Entertainment, & Recreation",2013,"2013",1576,305.3604427557702,"Missoula, MT","31000US33540","missoula-mt-metro-area"
8,"Professional, Scientific, & Management, & Administrative & Waste Management Services",13,"Administrative & Support & Waste Management Services",2013,"2013",2160,380.4326484412189,"Missoula, MT","31000US33540","missoula-mt-metro-area"
0,"Agriculture, Forestry, Fishing & Hunting, & Mining",1,"Mining, Quarrying, & Oil & Gas Extraction",2013,"2013",300,143.9235908390282,"Missoula, MT","31000US33540","missoula-mt-metro-area"
5,"Transportation & Warehousing, & Utilities",7,"Utilities",2013,"2013",204,93.0859817588019,"Missoula, MT","31000US33540","missoula-mt-metro-area"
8,"Professional, Scientific, & Management, & Administrative & Waste Management Services",11,"Professional, Scientific, & Technical Services",2013,"2013",3598,388.07473507045006,"Missoula, MT","31000US33540","missoula-mt-metro-area"
10,"Arts, Entertainment, & Recreation, & Accommodation & Food Services",17,"Accommodation & Food Services",2013,"2013",6270,720.5178693134543,"Missoula, MT","31000US33540","missoula-mt-metro-area"
7,"Finance & Insurance, & Real Estate & Rental & Leasing",9,"Finance & Insurance",2013,"2013",1806,321.9937887599697,"Missoula, MT","31000US33540","missoula-mt-metro-area"
9,"Educational Services, & Health Care & Social Assistance",14,"Educational Services",2013,"2013",6871,571.700970788051,"Missoula, MT","31000US33540","missoula-mt-metro-area"
1,"Construction (Group)",2,"Construction",2013,"2013",3851,492.25399947588033,"Missoula, MT","31000US33540","missoula-mt-metro-area"
0,"Agriculture, Forestry, Fishing & Hunting, & Mining",0,"Agriculture, Forestry, Fishing & Hunting",2013,"2013",1601,291.67104758614624,"Missoula, MT","31000US33540","missoula-mt-metro-area"
11,"Other Services, Except Public Administration (Group)",18,"Other Services, Except Public Administration",2013,"2013",2403,384.1939614309418,"Missoula, MT","31000US33540","missoula-mt-metro-area"
5,"Transportation & Warehousing, & Utilities",6,"Transportation & Warehousing",2013,"2013",1795,307.7661449867415,"Missoula, MT","31000US33540","missoula-mt-metro-area"
8,"Professional, Scientific, & Management, & Administrative & Waste Management Services",12,"Management of Companies & Enterprises",2013,"2013",22,24.738633753705965,"Missoula, MT","31000US33540","missoula-mt-metro-area"
9,"Educational Services, & Health Care & Social Assistance",15,"Health Care & Social Assistance",2013,"2013",8438,681.0234944552207,"Missoula, MT","31000US33540","missoula-mt-metro-area"
2,"Manufacturing (Group)",3,"Manufacturing",2013,"2013",2627,410.23164188053556,"Missoula, MT","31000US33540","missoula-mt-metro-area"
12,"Public Administration (Group)",19,"Public Administration",2013,"2013",1899,324.9015235421342,"Missoula, MT","31000US33540","missoula-mt-metro-area"
6,"Information (Group)",8,"Information",2013,"2013",2205,407.5708527360611,"Missoula, MT","31000US33540","missoula-mt-metro-area"
4,"Retail Trade (Group)",5,"Retail Trade",2013,"2013",7321,702.6478492103993,"Missoula, MT","31000US33540","missoula-mt-metro-area"
3,"Wholesale Trade (Group)",4,"Wholesale Trade",2013,"2013",1338,275.48684179103725,"Missoula, MT","31000US33540","missoula-mt-metro-area"
7,"Finance & Insurance, & Real Estate & Rental & Leasing",10,"Real Estate & Rental & Leasing",2013,"2013",949,198.71587757398754,"Missoula, MT","31000US33540","missoula-mt-metro-area"