ID Group,Group,ID Subgroup,Subgroup,ID Occupation,Occupation,ID Year,Year,Workforce by Occupation and Gender,Workforce by Occupation and Gender Moe,Geography,ID Geography,Slug Geography
0,"Management, Business, Science, & Arts Occupations",2,"Education, Legal, Community Service, Arts, & Media Occupations",7,"Education Instruction, & Library Occupations",2017,"2017",4301,490.71886044862794,"Missoula, MT","31000US33540","missoula-mt-metro-area"
4,"Production, Transportation, & Material Moving Occupations",8,"Production, Transportation, & Material Moving Occupations",24,"Material Moving Occupations",2017,"2017",1187,295.0254226333724,"Missoula, MT","31000US33540","missoula-mt-metro-area"
0,"Management, Business, Science, & Arts Occupations",0,"Management, Business, & Financial Occupations",0,"Management Occupations",2017,"2017",5406,535.5837936308379,"Missoula, MT","31000US33540","missoula-mt-metro-area"
1,"Service Occupations",4,"Service Occupations",15,"Building & Grounds Cleaning & Maintenance Occupations",2017,"2017",2488,429.8290357805066,"Missoula, MT","31000US33540","missoula-mt-metro-area"
1,"Service Occupations",5,"Protective Service Occupations",12,"Fire Fighting & Prevention, & Other Protective Service Workers Including Supervisors",2017,"2017",818,226.43321311150444,"Missoula, MT","31000US33540","missoula-mt-metro-area"
0,"Management, Business, Science, & Arts Occupations",0,"Management, Business, & Financial Occupations",1,"Business & Financial Operations Occupations",2017,"2017",2733,407.1805496336975,"Missoula, MT","31000US33540","missoula-mt-metro-area"
4,"Production, Transportation, & Material Moving Occupations",8,"Production, Transportation, & Material Moving Occupations",23,"Transportation Occupations",2017,"2017",2037,394.9392358325518,"Missoula, MT","31000US33540","missoula-mt-metro-area"
1,"Service Occupations",4,"Service Occupations",14,"Food Preparation & Serving Related Occupations",2017,"2017",5153,685.9169045883036,"Missoula, MT","31000US33540","missoula-mt-metro-area"
1,"Service Occupations",5,"Protective Service Occupations",13,"Law Enforcement Workers Including Supervisors",2017,"2017",261,126.19429464123961,"Missoula, MT","31000US33540","missoula-mt-metro-area"
0,"Management, Business, Science, & Arts Occupations",1,"Computer, Engineering, & Science Occupations",2,"Computer & Mathematical Occupations",2017,"2017",1567,341.29898915760066,"Missoula, MT","31000US33540","missoula-mt-metro-area"
4,"Production, Transportation, & Material Moving Occupations",8,"Production, Transportation, & Material Moving Occupations",22,"Production Occupations",2017,"2017",1610,333.7933492447086,"Missoula, MT","31000US33540","missoula-mt-metro-area"
1,"Service Occupations",4,"Service Occupations",11,"Healthcare Support Occupations",2017,"2017",1129,265.57296549159514,"Missoula, MT","31000US33540","missoula-mt-metro-area"
0,"Management, Business, Science, & Arts Occupations",1,"Computer, Engineering, & Science Occupations",3,"Architecture & Engineering Occupations",2017,"2017",703,207.992788336519,"Missoula, MT","31000US33540","missoula-mt-metro-area"
2,"Sales & Office Occupations",6,"Sales & Office Occupations",17,"Sales & Related Occupations",2017,"2017",6283,597.2202273868493,"Missoula, MT","31000US33540","missoula-mt-metro-area"
0,"Management, Business, Science, & Arts Occupations",3,"Healthcare Practitioners & Technical Occupations",10,"Health Technologists & Technicians",2017,"2017",866,222.2813532440362,"Missoula, MT","31000US33540","missoula-mt-metro-area"
0,"Management, Business, Science, & Arts Occupations",1,"Computer, Engineering, & Science Occupations",4,"Life, Physical, & Social Science Occupations",2017,"2017",1132,228.3199509460354,"Missoula, MT","31000US33540","missoula-mt-metro-area"
3,"Natural Resources, Construction, & Maintenance Occupations",7,"Natural Resources, Construction, & Maintenance Occupations",21,"Installation, Maintenance, & Repair Occupations",2017,"2017",2125,318.0220118167923,"Missoula, MT","31000US33540","missoula-mt-metro-area"
0,"Management, Business, Science, & Arts Occupations",3,"Healthcare Practitioners & Technical Occupations",9,"Health Diagnosing & Treating Practitioners & Other Technical Occupations",2017,"2017",2919,381.9332402397047,"Missoula, MT","31000US33540","missoula-mt-metro-area"
2,"Sales & Office Occupations",6,"Sales & Office Occupations",18,"Office & Administrative Support Occupations",2017,"2017",8077,703.7641650439442,"Missoula, MT","31000US33540","missoula-mt-metro-area"
0,"Management, Business, Science, & Arts Occupations",2,"Education, Legal, Community Service, Arts, & Media Occupations",5,"Community & Social Service Occupations",2017,"2017",1518,259.18719104153274,"Missoula, MT","31000US33540","missoula-mt-metro-area"
3,"Natural Resources, Construction, & Maintenance Occupations",7,"Natural Resources, Construction, & Maintenance Occupations",20,"Construction & Extraction Occupations",2017,"2017",3218,449.44410108488466,"Missoula, MT","31000US33540","missoula-mt-metro-area"
0,"Management, Business, Science, & Arts Occupations",2,"Education, Legal, Community Service, Arts, & Media Occupations",8,"Arts, Design, Entertainment, Sports, & Media Occupations",2017,"2017",1799,312.541197284454,"Missoula, MT","31000US33540","missoula-mt-metro-area"
0,"Management, Business, Science, & Arts Occupations",2,"Education, Legal, Community Service, Arts, & Media Occupations",6,"Legal Occupations",2017,"2017",1283,275.0363612324741,"Missoula, MT","31000US33540","missoula-mt-metro-area"
3,"Natural Resources, Construction, & Maintenance Occupations",7,"Natural Resources, Construction, & Maintenance Occupations",19,"Farming, Fishing, & Forestry Occupations",2017,"2017",442,171.64206943520577,"Missoula, MT","31000US33540","missoula-mt-metro-area"
1,"Service Occupations",4,"Service Occupations",16,"Personal Care & Service Occupations",2017,"2017",2589,405.2616438796053,"Missoula, MT","31000US33540","missoula-mt-metro-area"
0,"Management, Business, Science, & Arts Occupations",2,"Education, Legal, Community Service, Arts, & Media Occupations",7,"Education Instruction, & Library Occupations",2016,"2016",4334,486.3342472004208,"Missoula, MT","31000US33540","missoula-mt-metro-area"
3,"Natural Resources, Construction, & Maintenance Occupations",7,"Natural Resources, Construction, & Maintenance Occupations",20,"Construction & Extraction Occupations",2016,"2016",3156,470.8895836605435,"Missoula, MT","31000US33540","missoula-mt-metro-area"
3,"Natural Resources, Construction, & Maintenance Occupations",7,"Natural Resources, Construction, & Maintenance Occupations",19,"Farming, Fishing, & Forestry Occupations",2016,"2016",387,162.48384535085327,"Missoula, MT","31000US33540","missoula-mt-metro-area"
0,"Management, Business, Science, & Arts Occupations",2,"Education, Legal, Community Service, Arts, & Media Occupations",8,"Arts, Design, Entertainment, Sports, & Media Occupations",2016,"2016",1678,299.2824752637548,"Missoula, MT","31000US33540","missoula-mt-metro-area"
0,"Management, Business, Science, & Arts Occupations",2,"Education, Legal, Community Service, Arts, & Media Occupations",6,"Legal Occupations",2016,"2016",1191,236.59670327373541,"Missoula, MT","31000US33540","missoula-mt-metro-area"
0,"Management, Business, Science, & Arts Occupations",2,"Education, Legal, Community Service, Arts, & Media Occupations",5,"Community & Social Service Occupations",2016,"2016",1472,288.4874347350331,"Missoula, MT","31000US33540","missoula-mt-metro-area"
0,"Management, Business, Science, & Arts Occupations",3,"Healthcare Practitioners & Technical Occupations",9,"Health Diagnosing & Treating Practitioners & Other Technical Occupations",2016,"2016",2853,377.0106099302777,"Missoula, MT","31000US33540","missoula-mt-metro-area"
3,"Natural Resources, Construction, & Maintenance Occupations",7,"Natural Resources, Construction, & Maintenance Occupations",21,"Installation, Maintenance, & Repair Occupations",2016,"2016",1981,371.28560435330644,"Missoula, MT","31000US33540","missoula-mt-metro-area"
2,"Sales & Office Occupations",6,"Sales & Office Occupations",18,"Office & Administrative Support Occupations",2016,"2016",7563,697.1807513120253,"Missoula, MT","31000US33540","missoula-mt-metro-area"
0,"Management, Business, Science, & Arts Occupations",3,"Healthcare Practitioners & Technical Occupations",10,"Health Technologists & Technicians",2016,"2016",844,209.46837470128992,"Missoula, MT","31000US33540","missoula-mt-metro-area"
0,"Management, Business, Science, & Arts Occupations",1,"Computer, Engineering, & Science Occupations",4,"Life, Physical, & Social Science Occupations",2016,"2016",1148,234.43762496664223,"Missoula, MT","31000US33540","missoula-mt-metro-area"
4,"Production, Transportation, & Material Moving Occupations",8,"Production, Transportation, & Material Moving Occupations",22,"Production Occupations",2016,"2016",1571,317.619268936883,"Missoula, MT","31000US33540","missoula-mt-metro-area"
0,"Management, Business, Science, & Arts Occupations",0,"Management, Business, & Financial Occupations",0,"Management Occupations",2016,"2016",5657,586.1620936225746,"Missoula, MT","31000US33540","missoula-mt-metro-area"
1,"Service Occupations",4,"Service Occupations",11,"Healthcare Support Occupations",2016,"2016",964,231.38712150852302,"Missoula, MT","31000US33540","missoula-mt-metro-area"
0,"Management, Business, Science, & Arts Occupations",1,"Computer, Engineering, & Science Occupations",3,"Architecture & Engineering Occupations",2016,"2016",723,183.84776310850236,"Missoula, MT","31000US33540","missoula-mt-metro-area"
0,"Management, Business, Science, & Arts Occupations",1,"Computer, Engineering, & Science Occupations",2,"Computer & Mathematical Occupations",2016,"2016",1533,357.60453017264757,"Missoula, MT","31000US33540","missoula-mt-metro-area"
1,"Service Occupations",5,"Protective Service Occupations",13,"Law Enforcement Workers Including Supervisors",2016,"2016",281,114.17968295629483,"Missoula, MT","31000US33540","missoula-mt-metro-area"
1,"Service Occupations",4,"Service Occupations",14,"Food Preparation & Serving Related Occupations",2016,"2016",4871,556.6551895024423,"Missoula, MT","31000US33540","missoula-mt-metro-area"
4,"Production, Transportation, & Material Moving Occupations",8,"Production, Transportation, & Material Moving Occupations",23,"Transportation Occupations",2016,"2016",1888,344.30509726113553,"Missoula, MT","31000US33540","missoula-mt-metro-area"
0,"Management, Business, Science, & Arts Occupations",0,"Management, Business, & Financial Occupations",1,"Business & Financial Operations Occupations",2016,"2016",2639,408.0306361046925,"Missoula, MT","31000US33540","missoula-mt-metro-area"
1,"Service Occupations",4,"Service Occupations",15,"Building & Grounds Cleaning & Maintenance Occupations",2016,"2016",2857,462.299686350748,"Missoula, MT","31000US33540","missoula-mt-metro-area"
4,"Production, Transportation, & Material Moving Occupations",8,"Production, Transportation, & Material Moving Occupations",24,"Material Moving Occupations",2016,"2016",962,250.12197024651792,"Missoula, MT","31000US33540","missoula-mt-metro-area"
1,"Service Occupations",5,"Protective Service Occupations",12,"Fire Fighting & Prevention, & Other Protective Service Workers Including Supervisors",2016,"2016",741,226.49724060129296,"Missoula, MT","31000US33540","missoula-mt-metro-area"
1,"Service Occupations",4,"Service Occupations",16,"Personal Care & Service Occupations",2016,"2016",2608,436.85810053151124,"Missoula, MT","31000US33540","missoula-mt-metro-area"
2,"Sales & Office Occupations",6,"Sales & Office Occupations",17,"Sales & Related Occupations",2016,"2016",6256,579.6723212298479,"Missoula, MT","31000US33540","missoula-mt-metro-area"
4,"Production, Transportation, & Material Moving Occupations",8,"Production, Transportation, & Material Moving Occupations",22,"Production Occupations",2015,"2015",1695,361.47060738046184,"Missoula, MT","31000US33540","missoula-mt-metro-area"
2,"Sales & Office Occupations",6,"Sales & Office Occupations",18,"Office & Administrative Support Occupations",2015,"2015",7882,639.9257769460456,"Missoula, MT","31000US33540","missoula-mt-metro-area"
0,"Management, Business, Science, & Arts Occupations",3,"Healthcare Practitioners & Technical Occupations",10,"Health Technologists & Technicians",2015,"2015",945,234.47814397081873,"Missoula, MT","31000US33540","missoula-mt-metro-area"
0,"Management, Business, Science, & Arts Occupations",1,"Computer, Engineering, & Science Occupations",4,"Life, Physical, & Social Science Occupations",2015,"2015",1071,226.04866732630828,"Missoula, MT","31000US33540","missoula-mt-metro-area"
1,"Service Occupations",4,"Service Occupations",14,"Food Preparation & Serving Related Occupations",2015,"2015",4872,576.9514710961399,"Missoula, MT","31000US33540","missoula-mt-metro-area"
3,"Natural Resources, Construction, & Maintenance Occupations",7,"Natural Resources, Construction, & Maintenance Occupations",20,"Construction & Extraction Occupations",2015,"2015",2942,369.8986347636336,"Missoula, MT","31000US33540","missoula-mt-metro-area"
0,"Management, Business, Science, & Arts Occupations",2,"Education, Legal, Community Service, Arts, & Media Occupations",7,"Education Instruction, & Library Occupations",2015,"2015",4104,450.2821337783679,"Missoula, MT","31000US33540","missoula-mt-metro-area"
1,"Service Occupations",4,"Service Occupations",11,"Healthcare Support Occupations",2015,"2015",1010,266.9400681801067,"Missoula, MT","31000US33540","missoula-mt-metro-area"
4,"Production, Transportation, & Material Moving Occupations",8,"Production, Transportation, & Material Moving Occupations",23,"Transportation Occupations",2015,"2015",1689,320.7319753314284,"Missoula, MT","31000US33540","missoula-mt-metro-area"
4,"Production, Transportation, & Material Moving Occupations",8,"Production, Transportation, & Material Moving Occupations",24,"Material Moving Occupations",2015,"2015",990,262.39283526803854,"Missoula, MT","31000US33540","missoula-mt-metro-area"
2,"Sales & Office Occupations",6,"Sales & Office Occupations",17,"Sales & Related Occupations",2015,"2015",5940,600.7869838803101,"Missoula, MT","31000US33540","missoula-mt-metro-area"
0,"Management, Business, Science, & Arts Occupations",1,"Computer, Engineering, & Science Occupations",3,"Architecture & Engineering Occupations",2015,"2015",741,196.29060089571277,"Missoula, MT","31000US33540","missoula-mt-metro-area"
0,"Management, Business, Science, & Arts Occupations",2,"Education, Legal, Community Service, Arts, & Media Occupations",5,"Community & Social Service Occupations",2015,"2015",1329,251.87298386289862,"Missoula, MT","31000US33540","missoula-mt-metro-area"
0,"Management, Business, Science, & Arts Occupations",2,"Education, Legal, Community Service, Arts, & Media Occupations",8,"Arts, Design, Entertainment, Sports, & Media Occupations",2015,"2015",1506,276.8772291106656,"Missoula, MT","31000US33540","missoula-mt-metro-area"
0,"Management, Business, Science, & Arts Occupations",0,"Management, Business, & Financial Occupations",1,"Business & Financial Operations Occupations",2015,"2015",2588,374.89731927555846,"Missoula, MT","31000US33540","missoula-mt-metro-area"
1,"Service Occupations",5,"Protective Service Occupations",13,"Law Enforcement Workers Including Supervisors",2015,"2015",266,102.0441081101697,"Missoula, MT","31000US33540","missoula-mt-metro-area"
0,"Management, Business, Science, & Arts Occupations",1,"Computer, Engineering, & Science Occupations",2,"Computer & Mathematical Occupations",2015,"2015",1303,266.8126683649035,"Missoula, MT","31000US33540","missoula-mt-metro-area"
1,"Service Occupations",4,"Service Occupations",15,"Building & Grounds Cleaning & Maintenance Occupations",2015,"2015",2735,421.98222711389155,"Missoula, MT","31000US33540","missoula-mt-metro-area"
3,"Natural Resources, Construction, & Maintenance Occupations",7,"Natural Resources, Construction, & Maintenance Occupations",19,"Farming, Fishing, & Forestry Occupations",2015,"2015",543,198.64792976520042,"Missoula, MT","31000US33540","missoula-mt-metro-area"
3,"Natural Resources, Construction, & Maintenance Occupations",7,"Natural Resources, Construction, & Maintenance Occupations",21,"Installation, Maintenance, & Repair Occupations",2015,"2015",2134,402.7033647736259,"Missoula, MT","31000US33540","missoula-mt-metro-area"
0,"Management, Business, Science, & Arts Occupations",3,"Healthcare Practitioners & Technical Occupations",9,"Health Diagnosing & Treating Practitioners & Other Technical Occupations",2015,"2015",2695,405.98152667332045,"Missoula, MT","31000US33540","missoula-mt-metro-area"
1,"Service Occupations",5,"Protective Service Occupations",12,"Fire Fighting & Prevention, & Other Protective Service Workers Including Supervisors",2015,"2015",682,181.0414317221337,"Missoula, MT","31000US33540","missoula-mt-metro-area"
1,"Service Occupations",4,"Service Occupations",16,"Personal Care & Service Occupations",2015,"2015",2589,431.18557489786224,"Missoula, MT","31000US33540","missoula-mt-metro-area"
0,"Management, Business, Science, & Arts Occupations",0,"Management, Business, & Financial Occupations",0,"Management Occupations",2015,"2015",5765,569.8596318392803,"Missoula, MT","31000US33540","missoula-mt-metro-area"
0,"Management, Business, Science, & Arts Occupations",2,"Education, Legal, Community Service, Arts, & Media Occupations",6,"Legal Occupations",2015,"2015",1087,230.12387968222683,"Missoula, MT","31000US33540","missoula-mt-metro-area"
1,"Service Occupations",5,"Protective Service Occupations",12,"Fire Fighting & Prevention, & Other Protective Service Workers Including Supervisors",2014,"2014",712,204.36486977951958,"Missoula, MT","31000US33540","missoula-mt-metro-area"
0,"Management, Business, Science, & Arts Occupations",0,"Management, Business, & Financial Occupations",1,"Business & Financial Operations Occupations",2014,"2014",2245,355.14785653302204,"Missoula, MT","31000US33540","missoula-mt-metro-area"
1,"Service Occupations",4,"Service Occupations",15,"Building & Grounds Cleaning & Maintenance Occupations",2014,"2014",2764,425.8650020839937,"Missoula, MT","31000US33540","missoula-mt-metro-area"
1,"Service Occupations",5,"Protective Service Occupations",13,"Law Enforcement Workers Including Supervisors",2014,"2014",208,80.99382692526636,"Missoula, MT","31000US33540","missoula-mt-metro-area"
0,"Management, Business, Science, & Arts Occupations",0,"Management, Business, & Financial Occupations",0,"Management Occupations",2014,"2014",5618,534.724227990466,"Missoula, MT","31000US33540","missoula-mt-metro-area"
1,"Service Occupations",4,"Service Occupations",14,"Food Preparation & Serving Related Occupations",2014,"2014",4901,610.7708244505462,"Missoula, MT","31000US33540","missoula-mt-metro-area"
2,"Sales & Office Occupations",6,"Sales & Office Occupations",17,"Sales & Related Occupations",2014,"2014",6445,595.4258979923529,"Missoula, MT","31000US33540","missoula-mt-metro-area"
1,"Service Occupations",4,"Service Occupations",11,"Healthcare Support Occupations",2014,"2014",1185,303.48805577814755,"Missoula, MT","31000US33540","missoula-mt-metro-area"
2,"Sales & Office Occupations",6,"Sales & Office Occupations",18,"Office & Administrative Support Occupations",2014,"2014",7827,605.7326142779503,"Missoula, MT","31000US33540","missoula-mt-metro-area"
0,"Management, Business, Science, & Arts Occupations",3,"Healthcare Practitioners & Technical Occupations",10,"Health Technologists & Technicians",2014,"2014",1025,213.84573879317776,"Missoula, MT","31000US33540","missoula-mt-metro-area"
0,"Management, Business, Science, & Arts Occupations",3,"Healthcare Practitioners & Technical Occupations",9,"Health Diagnosing & Treating Practitioners & Other Technical Occupations",2014,"2014",2806,350.37265875065077,"Missoula, MT","31000US33540","missoula-mt-metro-area"
3,"Natural Resources, Construction, & Maintenance Occupations",7,"Natural Resources, Construction, & Maintenance Occupations",19,"Farming, Fishing, & Forestry Occupations",2014,"2014",399,150.5257453062432,"Missoula, MT","31000US33540","missoula-mt-metro-area"
0,"Management, Business, Science, & Arts Occupations",2,"Education, Legal, Community Service, Arts, & Media Occupations",8,"Arts, Design, Entertainment, Sports, & Media Occupations",2014,"2014",1374,218.5520532962342,"Missoula, MT","31000US33540","missoula-mt-metro-area"
1,"Service Occupations",4,"Service Occupations",16,"Personal Care & Service Occupations",2014,"2014",2518,388.1043674065006,"Missoula, MT","31000US33540","missoula-mt-metro-area"
3,"Natural Resources, Construction, & Maintenance Occupations",7,"Natural Resources, Construction, & Maintenance Occupations",20,"Construction & Extraction Occupations",2014,"2014",2859,373.36978988664845,"Missoula, MT","31000US33540","missoula-mt-metro-area"
0,"Management, Business, Science, & Arts Occupations",2,"Education, Legal, Community Service, Arts, & Media Occupations",7,"Education Instruction, & Library Occupations",2014,"2014",3890,445.14828989899536,"Missoula, MT","31000US33540","missoula-mt-metro-area"
0,"Management, Business, Science, & Arts Occupations",2,"Education, Legal, Community Service, Arts, & Media Occupations",6,"Legal Occupations",2014,"2014",959,188.0957203128237,"Missoula, MT","31000US33540","missoula-mt-metro-area"
3,"Natural Resources, Construction, & Maintenance Occupations",7,"Natural Resources, Construction, & Maintenance Occupations",21,"Installation, Maintenance, & Repair Occupations",2014,"2014",2116,383.76685630731583,"Missoula, MT","31000US33540","missoula-mt-metro-area"
0,"Management, Business, Science, & Arts Occupations",2,"Education, Legal, Community Service, Arts, & Media Occupations",5,"Community & Social Service Occupations",2014,"2014",1113,197.39554199626699,"Missoula, MT","31000US33540","missoula-mt-metro-area"
4,"Production, Transportation, & Material Moving Occupations",8,"Production, Transportation, & Material Moving Occupations",22,"Production Occupations",2014,"2014",1553,294.0153057240388,"Missoula, MT","31000US33540","missoula-mt-metro-area"
0,"Management, Business, Science, & Arts Occupations",1,"Computer, Engineering, & Science Occupations",4,"Life, Physical, & Social Science Occupations",2014,"2014",1225,250.34775812856805,"Missoula, MT","31000US33540","missoula-mt-metro-area"
0,"Management, Business, Science, & Arts Occupations",1,"Computer, Engineering, & Science Occupations",3,"Architecture & Engineering Occupations",2014,"2014",704,200.94277792446286,"Missoula, MT","31000US33540","missoula-mt-metro-area"
4,"Production, Transportation, & Material Moving Occupations",8,"Production, Transportation, & Material Moving Occupations",23,"Transportation Occupations",2014,"2014",1495,271.44796923167434,"Missoula, MT","31000US33540","missoula-mt-metro-area"
0,"Management, Business, Science, & Arts Occupations",1,"Computer, Engineering, & Science Occupations",2,"Computer & Mathematical Occupations",2014,"2014",1119,222.99103120977762,"Missoula, MT","31000US33540","missoula-mt-metro-area"
4,"Production, Transportation, & Material Moving Occupations",8,"Production, Transportation, & Material Moving Occupations",24,"Material Moving Occupations",2014,"2014",990,279.7284397411175,"Missoula, MT","31000US33540","missoula-mt-metro-area"
3,"Natural Resources, Construction, & Maintenance Occupations",7,"Natural Resources, Construction, & Maintenance Occupations",20,"Construction & Extraction Occupations",2013,"2013",2939,410.58129523883576,"Missoula, MT","31000US33540","missoula-mt-metro-area"
1,"Service Occupations",4,"Service Occupations",11,"Healthcare Support Occupations",2013,"2013",1225,256.46247288833507,"Missoula, MT","31000US33540","missoula-mt-metro-area"
2,"Sales & Office Occupations",6,"Sales & Office Occupations",18,"Office & Administrative Support Occupations",2013,"2013",7954,666.6520831738246,"Missoula, MT","31000US33540","missoula-mt-metro-area"
0,"Management, Business, Science, & Arts Occupations",2,"Education, Legal, Community Service, Arts, & Media Occupations",7,"Education Instruction, & Library Occupations",2013,"2013",3846,438.8131720903556,"Missoula, MT","31000US33540","missoula-mt-metro-area"
1,"Service Occupations",5,"Protective Service Occupations",12,"Fire Fighting & Prevention, & Other Protective Service Workers Including Supervisors",2013,"2013",559,155.05160431288675,"Missoula, MT","31000US33540","missoula-mt-metro-area"
3,"Natural Resources, Construction, & Maintenance Occupations",7,"Natural Resources, Construction, & Maintenance Occupations",21,"Installation, Maintenance, & Repair Occupations",2013,"2013",1737,351.3317520521025,"Missoula, MT","31000US33540","missoula-mt-metro-area"
1,"Service Occupations",5,"Protective Service Occupations",13,"Law Enforcement Workers Including Supervisors",2013,"2013",234,90.8019823572151,"Missoula, MT","31000US33540","missoula-mt-metro-area"
0,"Management, Business, Science, & Arts Occupations",2,"Education, Legal, Community Service, Arts, & Media Occupations",6,"Legal Occupations",2013,"2013",826,197.84084512557058,"Missoula, MT","31000US33540","missoula-mt-metro-area"
0,"Management, Business, Science, & Arts Occupations",3,"Healthcare Practitioners & Technical Occupations",10,"Health Technologists & Technicians",2013,"2013",1114,258.31182706178976,"Missoula, MT","31000US33540","missoula-mt-metro-area"
0,"Management, Business, Science, & Arts Occupations",2,"Education, Legal, Community Service, Arts, & Media Occupations",5,"Community & Social Service Occupations",2013,"2013",914,177.86792853125604,"Missoula, MT","31000US33540","missoula-mt-metro-area"
4,"Production, Transportation, & Material Moving Occupations",8,"Production, Transportation, & Material Moving Occupations",22,"Production Occupations",2013,"2013",1784,322.29799875270714,"Missoula, MT","31000US33540","missoula-mt-metro-area"
2,"Sales & Office Occupations",6,"Sales & Office Occupations",17,"Sales & Related Occupations",2013,"2013",6453,612.5895852852871,"Missoula, MT","31000US33540","missoula-mt-metro-area"
3,"Natural Resources, Construction, & Maintenance Occupations",7,"Natural Resources, Construction, & Maintenance Occupations",19,"Farming, Fishing, & Forestry Occupations",2013,"2013",375,146.3283977907228,"Missoula, MT","31000US33540","missoula-mt-metro-area"
0,"Management, Business, Science, & Arts Occupations",1,"Computer, Engineering, & Science Occupations",4,"Life, Physical, & Social Science Occupations",2013,"2013",1240,236.67699507979225,"Missoula, MT","31000US33540","missoula-mt-metro-area"
1,"Service Occupations",4,"Service Occupations",16,"Personal Care & Service Occupations",2013,"2013",2087,337.76471100456894,"Missoula, MT","31000US33540","missoula-mt-metro-area"
4,"Production, Transportation, & Material Moving Occupations",8,"Production, Transportation, & Material Moving Occupations",23,"Transportation Occupations",2013,"2013",1439,284.98771903364536,"Missoula, MT","31000US33540","missoula-mt-metro-area"
0,"Management, Business, Science, & Arts Occupations",3,"Healthcare Practitioners & Technical Occupations",9,"Health Diagnosing & Treating Practitioners & Other Technical Occupations",2013,"2013",2690,345.8583525086534,"Missoula, MT","31000US33540","missoula-mt-metro-area"
0,"Management, Business, Science, & Arts Occupations",1,"Computer, Engineering, & Science Occupations",3,"Architecture & Engineering Occupations",2013,"2013",630,172.93062192682936,"Missoula, MT","31000US33540","missoula-mt-metro-area"
1,"Service Occupations",4,"Service Occupations",14,"Food Preparation & Serving Related Occupations",2013,"2013",5078,658.4952543488829,"Missoula, MT","31000US33540","missoula-mt-metro-area"
0,"Management, Business, Science, & Arts Occupations",1,"Computer, Engineering, & Science Occupations",2,"Computer & Mathematical Occupations",2013,"2013",1160,244.00819658363937,"Missoula, MT","31000US33540","missoula-mt-metro-area"
4,"Production, Transportation, & Material Moving Occupations",8,"Production, Transportation, & Material Moving Occupations",24,"Material Moving Occupations",2013,"2013",1124,260.0192300580863,"Missoula, MT","31000US33540","missoula-mt-metro-area"
0,"Management, Business, Science, & Arts Occupations",2,"Education, Legal, Community Service, Arts, & Media Occupations",8,"Arts, Design, Entertainment, Sports, & Media Occupations",2013,"2013",1309,223.80795338861395,"Missoula, MT","31000US33540","missoula-mt-metro-area"
1,"Service Occupations",4,"Service Occupations",15,"Building & Grounds Cleaning & Maintenance Occupations",2013,"2013",2847,425.3022454678555,"Missoula, MT","31000US33540","missoula-mt-metro-area"
0,"Management, Business, Science, & Arts Occupations",0,"Management, Business, & Financial Occupations",1,"Business & Financial Operations Occupations",2013,"2013",2134,344.70277051396033,"Missoula, MT","31000US33540","missoula-mt-metro-area"
0,"Management, Business, Science, & Arts Occupations",0,"Management, Business, & Financial Occupations",0,"Management Occupations",2013,"2013",5536,569.5902035674419,"Missoula, MT","31000US33540","missoula-mt-metro-area"