ID Kaiser Coverage,Kaiser Coverage,ID Year,Year,Health Insurance Policies,Geography,ID Geography,Slug Geography,share
5,"Uninsured",2017,"2017",11000,"Missoula, MT","31000US33540","missoula-mt-metro-area",9.681308912965033
0,"Medicaid",2017,"2017",14000,"Missoula, MT","31000US33540","missoula-mt-metro-area",12.321665889228225
4,"NonGroup",2017,"2017",19036,"Missoula, MT","31000US33540","missoula-mt-metro-area",16.753945133382032
1,"Medicare",2017,"2017",11941,"Missoula, MT","31000US33540","missoula-mt-metro-area",10.509500884519587
3,"OtherPublic",2017,"2017",2412,"Missoula, MT","31000US33540","missoula-mt-metro-area",2.1228470089156053
2,"Employer",2017,"2017",55232,"Missoula, MT","31000US33540","missoula-mt-metro-area",48.610732170989515
1,"Medicare",2016,"2016",11690,"Missoula, MT","31000US33540","missoula-mt-metro-area",10.396193694695183
5,"Uninsured",2016,"2016",13814,"Missoula, MT","31000US33540","missoula-mt-metro-area",12.285117168393436
0,"Medicaid",2016,"2016",13180,"Missoula, MT","31000US33540","missoula-mt-metro-area",11.72128596202588
3,"OtherPublic",2016,"2016",2316,"Missoula, MT","31000US33540","missoula-mt-metro-area",2.0596736182133486
2,"Employer",2016,"2016",54021,"Missoula, MT","31000US33540","missoula-mt-metro-area",48.04215394192716
4,"NonGroup",2016,"2016",17424,"Missoula, MT","31000US33540","missoula-mt-metro-area",15.495575614744986
4,"NonGroup",2015,"2015",16773,"Missoula, MT","31000US33540","missoula-mt-metro-area",15.068862356143708
0,"Medicaid",2015,"2015",12262,"Missoula, MT","31000US33540","missoula-mt-metro-area",11.01618018309391
3,"OtherPublic",2015,"2015",2119,"Missoula, MT","31000US33540","missoula-mt-metro-area",1.9037094933922682
2,"Employer",2015,"2015",53111,"Missoula, MT","31000US33540","missoula-mt-metro-area",47.71491972796449
5,"Uninsured",2015,"2015",15984,"Missoula, MT","31000US33540","missoula-mt-metro-area",14.36002479583861
1,"Medicare",2015,"2015",11060,"Missoula, MT","31000US33540","missoula-mt-metro-area",9.936303443567008
3,"OtherPublic",2014,"2014",2240,"Missoula, MT","31000US33540","missoula-mt-metro-area",2.0301256140223676
4,"NonGroup",2014,"2014",15983,"Missoula, MT","31000US33540","missoula-mt-metro-area",14.485490039696206
1,"Medicare",2014,"2014",10278,"Missoula, MT","31000US33540","missoula-mt-metro-area",9.315013866482989
5,"Uninsured",2014,"2014",17687,"Missoula, MT","31000US33540","missoula-mt-metro-area",16.029835596077508
2,"Employer",2014,"2014",52700,"Missoula, MT","31000US33540","missoula-mt-metro-area",47.76233029418695
0,"Medicaid",2014,"2014",11450,"Missoula, MT","31000US33540","missoula-mt-metro-area",10.377204589533976
4,"NonGroup",2013,"2013",15467,"Missoula, MT","31000US33540","missoula-mt-metro-area",14.120471808355244
5,"Uninsured",2013,"2013",18811,"Missoula, MT","31000US33540","missoula-mt-metro-area",17.173349401110137
0,"Medicaid",2013,"2013",10901,"Missoula, MT","31000US33540","missoula-mt-metro-area",9.951979257960852
1,"Medicare",2013,"2013",9877,"Missoula, MT","31000US33540","missoula-mt-metro-area",9.017126789366053
2,"Employer",2013,"2013",52406,"Missoula, MT","31000US33540","missoula-mt-metro-area",47.8436313175577
3,"OtherPublic",2013,"2013",2074,"Missoula, MT","31000US33540","missoula-mt-metro-area",1.8934414256500147