ID Year,Year,Diabetes Prevalence,Geography,ID Geography,Slug Geography
2018,"2018",0.07400000095367432,"Richland County, MT","05000US30083","richland-county-mt"
2018,"2018",0.0820000022649765,"Yellowstone County, MT","05000US30111","yellowstone-county-mt"
2018,"2018",0.0860000029206276,"Wibaux County, MT","05000US30109","wibaux-county-mt"
2018,"2018",0.1340000033378601,"Big Horn County, MT","05000US30003","big-horn-county-mt"
2018,"2018",0.10199999809265137,"Wheatland County, MT","05000US30107","wheatland-county-mt"
2018,"2018",0.11400000005960464,"Blaine County, MT","05000US30005","blaine-county-mt"
2018,"2018",0.10700000077486038,"Valley County, MT","05000US30105","valley-county-mt"
2018,"2018",0.09000000357627869,"Broadwater County, MT","05000US30007","broadwater-county-mt"
2018,"2018",0.09300000220537186,"Treasure County, MT","05000US30103","treasure-county-mt"
2018,"2018",0.08699999749660492,"Carbon County, MT","05000US30009","carbon-county-mt"
2018,"2018",0.07500000298023224,"Toole County, MT","05000US30101","toole-county-mt"
2018,"2018",0.09099999815225601,"Carter County, MT","05000US30011","carter-county-mt"
2018,"2018",0.08699999749660492,"Teton County, MT","05000US30099","teton-county-mt"
2018,"2018",0.09200000017881393,"Cascade County, MT","05000US30013","cascade-county-mt"
2018,"2018",0.09300000220537186,"Sweet Grass County, MT","05000US30097","sweet-grass-county-mt"
2018,"2018",0.09000000357627869,"Chouteau County, MT","05000US30015","chouteau-county-mt"
2018,"2018",0.07500000298023224,"Stillwater County, MT","05000US30095","stillwater-county-mt"
2018,"2018",0.09799999743700027,"Custer County, MT","05000US30017","custer-county-mt"
2018,"2018",0.0860000029206276,"Silver Bow County, MT","05000US30093","silver-bow-county-mt"
2018,"2018",0.09300000220537186,"Daniels County, MT","05000US30019","daniels-county-mt"
2018,"2018",0.08500000089406967,"Sheridan County, MT","05000US30091","sheridan-county-mt"
2018,"2018",0.07999999821186066,"Dawson County, MT","05000US30021","dawson-county-mt"
2018,"2018",0.10100000351667404,"Sanders County, MT","05000US30089","sanders-county-mt"
2018,"2018",0.10100000351667404,"Deer Lodge County, MT","05000US30023","deer-lodge-county-mt"
2018,"2018",0.10300000011920929,"Rosebud County, MT","05000US30087","rosebud-county-mt"
2018,"2018",0.07599999755620956,"Fallon County, MT","05000US30025","fallon-county-mt"
2018,"2018",0.12300000339746475,"Roosevelt County, MT","05000US30085","roosevelt-county-mt"
2018,"2018",0.08900000154972076,"Fergus County, MT","05000US30027","fergus-county-mt"
2018,"2018",0.0729999989271164,"Beaverhead County, MT","05000US30001","beaverhead-county-mt"
2018,"2018",0.0729999989271164,"Flathead County, MT","05000US30029","flathead-county-mt"
2018,"2018",0.07999999821186066,"Ravalli County, MT","05000US30081","ravalli-county-mt"
2018,"2018",0.04399999976158142,"Gallatin County, MT","05000US30031","gallatin-county-mt"
2018,"2018",0.09799999743700027,"Prairie County, MT","05000US30079","prairie-county-mt"
2018,"2018",0.0860000029206276,"Garfield County, MT","05000US30033","garfield-county-mt"
2018,"2018",0.0989999994635582,"Powell County, MT","05000US30077","powell-county-mt"
2018,"2018",0.14800000190734863,"Glacier County, MT","05000US30035","glacier-county-mt"
2018,"2018",0.07699999958276749,"Powder River County, MT","05000US30075","powder-river-county-mt"
2018,"2018",0.09200000017881393,"Golden Valley County, MT","05000US30037","golden-valley-county-mt"
2018,"2018",0.09600000083446503,"Pondera County, MT","05000US30073","pondera-county-mt"
2018,"2018",0.0949999988079071,"Granite County, MT","05000US30039","granite-county-mt"
2018,"2018",0.09399999678134918,"Phillips County, MT","05000US30071","phillips-county-mt"
2018,"2018",0.10700000077486038,"Hill County, MT","05000US30041","hill-county-mt"
2018,"2018",0.09300000220537186,"Petroleum County, MT","05000US30069","petroleum-county-mt"
2018,"2018",0.08500000089406967,"Jefferson County, MT","05000US30043","jefferson-county-mt"
2018,"2018",0.08100000023841858,"Park County, MT","05000US30067","park-county-mt"
2018,"2018",0.07900000363588333,"Judith Basin County, MT","05000US30045","judith-basin-county-mt"
2018,"2018",0.10000000149011612,"Musselshell County, MT","05000US30065","musselshell-county-mt"
2018,"2018",0.10599999874830246,"Lake County, MT","05000US30047","lake-county-mt"
2018,"2018",0.06300000101327896,"Missoula County, MT","05000US30063","missoula-county-mt"
2018,"2018",0.08299999684095383,"Lewis and Clark County, MT","05000US30049","lewis-and-clark-county-mt"
2018,"2018",0.10000000149011612,"Mineral County, MT","05000US30061","mineral-county-mt"
2018,"2018",0.09099999815225601,"Liberty County, MT","05000US30051","liberty-county-mt"
2018,"2018",0.08100000023841858,"Meagher County, MT","05000US30059","meagher-county-mt"
2018,"2018",0.10899999737739563,"Lincoln County, MT","05000US30053","lincoln-county-mt"
2018,"2018",0.09099999815225601,"Madison County, MT","05000US30057","madison-county-mt"
2018,"2018",0.07599999755620956,"McCone County, MT","05000US30055","mccone-county-mt"
2017,"2017",0.08799999952316284,"Broadwater County, MT","05000US30007","broadwater-county-mt"
2017,"2017",0.07599999755620956,"Richland County, MT","05000US30083","richland-county-mt"
2017,"2017",0.07100000232458115,"Flathead County, MT","05000US30029","flathead-county-mt"
2017,"2017",0.0989999994635582,"Sweet Grass County, MT","05000US30097","sweet-grass-county-mt"
2017,"2017",0.08100000023841858,"Chouteau County, MT","05000US30015","chouteau-county-mt"
2017,"2017",0.08900000154972076,"Ravalli County, MT","05000US30081","ravalli-county-mt"
2017,"2017",0.0430000014603138,"Gallatin County, MT","05000US30031","gallatin-county-mt"
2017,"2017",0.08399999886751175,"Yellowstone County, MT","05000US30111","yellowstone-county-mt"
2017,"2017",0.07699999958276749,"Beaverhead County, MT","05000US30001","beaverhead-county-mt"
2017,"2017",0.10000000149011612,"Prairie County, MT","05000US30079","prairie-county-mt"
2017,"2017",0.08299999684095383,"Garfield County, MT","05000US30033","garfield-county-mt"
2017,"2017",0.07800000160932541,"Stillwater County, MT","05000US30095","stillwater-county-mt"
2017,"2017",0.0989999994635582,"Custer County, MT","05000US30017","custer-county-mt"
2017,"2017",0.10100000351667404,"Powell County, MT","05000US30077","powell-county-mt"
2017,"2017",0.13500000536441803,"Glacier County, MT","05000US30035","glacier-county-mt"
2017,"2017",0.0989999994635582,"Treasure County, MT","05000US30103","treasure-county-mt"
2017,"2017",0.09000000357627869,"Carbon County, MT","05000US30009","carbon-county-mt"
2017,"2017",0.07500000298023224,"Powder River County, MT","05000US30075","powder-river-county-mt"
2017,"2017",0.09700000286102295,"Golden Valley County, MT","05000US30037","golden-valley-county-mt"
2017,"2017",0.08299999684095383,"Silver Bow County, MT","05000US30093","silver-bow-county-mt"
2017,"2017",0.09000000357627869,"Daniels County, MT","05000US30019","daniels-county-mt"
2017,"2017",0.10400000214576721,"Pondera County, MT","05000US30073","pondera-county-mt"
2017,"2017",0.09099999815225601,"Granite County, MT","05000US30039","granite-county-mt"
2017,"2017",0.09799999743700027,"Wheatland County, MT","05000US30107","wheatland-county-mt"
2017,"2017",0.11900000274181366,"Blaine County, MT","05000US30005","blaine-county-mt"
2017,"2017",0.09799999743700027,"Phillips County, MT","05000US30071","phillips-county-mt"
2017,"2017",0.11100000143051147,"Hill County, MT","05000US30041","hill-county-mt"
2017,"2017",0.10300000011920929,"Sheridan County, MT","05000US30091","sheridan-county-mt"
2017,"2017",0.09600000083446503,"Dawson County, MT","05000US30021","dawson-county-mt"
2017,"2017",0.0949999988079071,"Petroleum County, MT","05000US30069","petroleum-county-mt"
2017,"2017",0.0860000029206276,"Jefferson County, MT","05000US30043","jefferson-county-mt"
2017,"2017",0.0860000029206276,"Toole County, MT","05000US30101","toole-county-mt"
2017,"2017",0.09300000220537186,"Carter County, MT","05000US30011","carter-county-mt"
2017,"2017",0.07599999755620956,"Park County, MT","05000US30067","park-county-mt"
2017,"2017",0.08699999749660492,"Judith Basin County, MT","05000US30045","judith-basin-county-mt"
2017,"2017",0.11100000143051147,"Sanders County, MT","05000US30089","sanders-county-mt"
2017,"2017",0.0989999994635582,"Deer Lodge County, MT","05000US30023","deer-lodge-county-mt"
2017,"2017",0.09600000083446503,"Musselshell County, MT","05000US30065","musselshell-county-mt"
2017,"2017",0.1080000028014183,"Lake County, MT","05000US30047","lake-county-mt"
2017,"2017",0.09200000017881393,"Wibaux County, MT","05000US30109","wibaux-county-mt"
2017,"2017",0.1340000033378601,"Big Horn County, MT","05000US30003","big-horn-county-mt"
2017,"2017",0.052000001072883606,"Missoula County, MT","05000US30063","missoula-county-mt"
2017,"2017",0.07699999958276749,"Lewis and Clark County, MT","05000US30049","lewis-and-clark-county-mt"
2017,"2017",0.11699999868869781,"Rosebud County, MT","05000US30087","rosebud-county-mt"
2017,"2017",0.07599999755620956,"Fallon County, MT","05000US30025","fallon-county-mt"
2017,"2017",0.1080000028014183,"Mineral County, MT","05000US30061","mineral-county-mt"
2017,"2017",0.08900000154972076,"Liberty County, MT","05000US30051","liberty-county-mt"
2017,"2017",0.08799999952316284,"Teton County, MT","05000US30099","teton-county-mt"
2017,"2017",0.09099999815225601,"Cascade County, MT","05000US30013","cascade-county-mt"
2017,"2017",0.08900000154972076,"Meagher County, MT","05000US30059","meagher-county-mt"
2017,"2017",0.11699999868869781,"Lincoln County, MT","05000US30053","lincoln-county-mt"
2017,"2017",0.12800000607967377,"Roosevelt County, MT","05000US30085","roosevelt-county-mt"
2017,"2017",0.09200000017881393,"Fergus County, MT","05000US30027","fergus-county-mt"
2017,"2017",0.09399999678134918,"Madison County, MT","05000US30057","madison-county-mt"
2017,"2017",0.09399999678134918,"McCone County, MT","05000US30055","mccone-county-mt"
2017,"2017",0.09799999743700027,"Valley County, MT","05000US30105","valley-county-mt"
2016,"2016",0.08900000154972076,"Flathead County, MT","05000US30029","flathead-county-mt"
2016,"2016",0.08799999952316284,"Beaverhead County, MT","05000US30001","beaverhead-county-mt"
2016,"2016",0.09399999678134918,"McCone County, MT","05000US30055","mccone-county-mt"
2016,"2016",0.11699999868869781,"Meagher County, MT","05000US30059","meagher-county-mt"
2016,"2016",0.11299999803304672,"Lincoln County, MT","05000US30053","lincoln-county-mt"
2016,"2016",0.11999999731779099,"Mineral County, MT","05000US30061","mineral-county-mt"
2016,"2016",0.09000000357627869,"Liberty County, MT","05000US30051","liberty-county-mt"
2016,"2016",0.07100000232458115,"Missoula County, MT","05000US30063","missoula-county-mt"
2016,"2016",0.07999999821186066,"Lewis and Clark County, MT","05000US30049","lewis-and-clark-county-mt"
2016,"2016",0.10599999874830246,"Musselshell County, MT","05000US30065","musselshell-county-mt"
2016,"2016",0.11699999868869781,"Lake County, MT","05000US30047","lake-county-mt"
2016,"2016",0.09099999815225601,"Park County, MT","05000US30067","park-county-mt"
2016,"2016",0.09799999743700027,"Judith Basin County, MT","05000US30045","judith-basin-county-mt"
2016,"2016",0.10400000214576721,"Petroleum County, MT","05000US30069","petroleum-county-mt"
2016,"2016",0.09000000357627869,"Jefferson County, MT","05000US30043","jefferson-county-mt"
2016,"2016",0.10700000077486038,"Phillips County, MT","05000US30071","phillips-county-mt"
2016,"2016",0.10400000214576721,"Hill County, MT","05000US30041","hill-county-mt"
2016,"2016",0.10300000011920929,"Pondera County, MT","05000US30073","pondera-county-mt"
2016,"2016",0.1080000028014183,"Granite County, MT","05000US30039","granite-county-mt"
2016,"2016",0.10000000149011612,"Powder River County, MT","05000US30075","powder-river-county-mt"
2016,"2016",0.11500000208616257,"Golden Valley County, MT","05000US30037","golden-valley-county-mt"
2016,"2016",0.09300000220537186,"Powell County, MT","05000US30077","powell-county-mt"
2016,"2016",0.1420000046491623,"Glacier County, MT","05000US30035","glacier-county-mt"
2016,"2016",0.11599999666213989,"Prairie County, MT","05000US30079","prairie-county-mt"
2016,"2016",0.09200000017881393,"Garfield County, MT","05000US30033","garfield-county-mt"
2016,"2016",0.10400000214576721,"Ravalli County, MT","05000US30081","ravalli-county-mt"
2016,"2016",0.057999998331069946,"Gallatin County, MT","05000US30031","gallatin-county-mt"
2016,"2016",0.07800000160932541,"Richland County, MT","05000US30083","richland-county-mt"
2016,"2016",0.10300000011920929,"Madison County, MT","05000US30057","madison-county-mt"
2016,"2016",0.11999999731779099,"Roosevelt County, MT","05000US30085","roosevelt-county-mt"
2016,"2016",0.0949999988079071,"Fergus County, MT","05000US30027","fergus-county-mt"
2016,"2016",0.10700000077486038,"Rosebud County, MT","05000US30087","rosebud-county-mt"
2016,"2016",0.07500000298023224,"Fallon County, MT","05000US30025","fallon-county-mt"
2016,"2016",0.12700000405311584,"Sanders County, MT","05000US30089","sanders-county-mt"
2016,"2016",0.10300000011920929,"Deer Lodge County, MT","05000US30023","deer-lodge-county-mt"
2016,"2016",0.09000000357627869,"Sheridan County, MT","05000US30091","sheridan-county-mt"
2016,"2016",0.08399999886751175,"Dawson County, MT","05000US30021","dawson-county-mt"
2016,"2016",0.09099999815225601,"Silver Bow County, MT","05000US30093","silver-bow-county-mt"
2016,"2016",0.09200000017881393,"Daniels County, MT","05000US30019","daniels-county-mt"
2016,"2016",0.09000000357627869,"Stillwater County, MT","05000US30095","stillwater-county-mt"
2016,"2016",0.08699999749660492,"Custer County, MT","05000US30017","custer-county-mt"
2016,"2016",0.0989999994635582,"Sweet Grass County, MT","05000US30097","sweet-grass-county-mt"
2016,"2016",0.10599999874830246,"Chouteau County, MT","05000US30015","chouteau-county-mt"
2016,"2016",0.09600000083446503,"Teton County, MT","05000US30099","teton-county-mt"
2016,"2016",0.0860000029206276,"Cascade County, MT","05000US30013","cascade-county-mt"
2016,"2016",0.08699999749660492,"Toole County, MT","05000US30101","toole-county-mt"
2016,"2016",0.10300000011920929,"Carter County, MT","05000US30011","carter-county-mt"
2016,"2016",0.11400000005960464,"Treasure County, MT","05000US30103","treasure-county-mt"
2016,"2016",0.09600000083446503,"Carbon County, MT","05000US30009","carbon-county-mt"
2016,"2016",0.09600000083446503,"Valley County, MT","05000US30105","valley-county-mt"
2016,"2016",0.0949999988079071,"Broadwater County, MT","05000US30007","broadwater-county-mt"
2016,"2016",0.1080000028014183,"Wheatland County, MT","05000US30107","wheatland-county-mt"
2016,"2016",0.12999999523162842,"Blaine County, MT","05000US30005","blaine-county-mt"
2016,"2016",0.10300000011920929,"Wibaux County, MT","05000US30109","wibaux-county-mt"
2016,"2016",0.13199999928474426,"Big Horn County, MT","05000US30003","big-horn-county-mt"
2016,"2016",0.08100000023841858,"Yellowstone County, MT","05000US30111","yellowstone-county-mt"
2015,"2015",0.07500000298023224,"Madison County, MT","05000US30057","madison-county-mt"
2015,"2015",0.14300000667572021,"Roosevelt County, MT","05000US30085","roosevelt-county-mt"
2015,"2015",0.08699999749660492,"Phillips County, MT","05000US30071","phillips-county-mt"
2015,"2015",0.1080000028014183,"Lincoln County, MT","05000US30053","lincoln-county-mt"
2015,"2015",0.08799999952316284,"Fergus County, MT","05000US30027","fergus-county-mt"
2015,"2015",0.10899999737739563,"Rosebud County, MT","05000US30087","rosebud-county-mt"
2015,"2015",0.06400000303983688,"Lewis and Clark County, MT","05000US30049","lewis-and-clark-county-mt"
2015,"2015",0.09399999678134918,"Hill County, MT","05000US30041","hill-county-mt"
2015,"2015",0.07599999755620956,"Fallon County, MT","05000US30025","fallon-county-mt"
2015,"2015",0.10899999737739563,"Sanders County, MT","05000US30089","sanders-county-mt"
2015,"2015",0.10300000011920929,"Pondera County, MT","05000US30073","pondera-county-mt"
2015,"2015",0.08100000023841858,"Musselshell County, MT","05000US30065","musselshell-county-mt"
2015,"2015",0.07999999821186066,"Deer Lodge County, MT","05000US30023","deer-lodge-county-mt"
2015,"2015",0.10499999672174454,"Sheridan County, MT","05000US30091","sheridan-county-mt"
2015,"2015",0.0949999988079071,"Mineral County, MT","05000US30061","mineral-county-mt"
2015,"2015",0.0860000029206276,"Granite County, MT","05000US30039","granite-county-mt"
2015,"2015",0.08100000023841858,"Dawson County, MT","05000US30021","dawson-county-mt"
2015,"2015",0.08299999684095383,"Silver Bow County, MT","05000US30093","silver-bow-county-mt"
2015,"2015",0.08500000089406967,"Powder River County, MT","05000US30075","powder-river-county-mt"
2015,"2015",0.09300000220537186,"Meagher County, MT","05000US30059","meagher-county-mt"
2015,"2015",0.08699999749660492,"Daniels County, MT","05000US30019","daniels-county-mt"
2015,"2015",0.0820000022649765,"Stillwater County, MT","05000US30095","stillwater-county-mt"
2015,"2015",0.09700000286102295,"Lake County, MT","05000US30047","lake-county-mt"
2015,"2015",0.0949999988079071,"Golden Valley County, MT","05000US30037","golden-valley-county-mt"
2015,"2015",0.10300000011920929,"Custer County, MT","05000US30017","custer-county-mt"
2015,"2015",0.08100000023841858,"Sweet Grass County, MT","05000US30097","sweet-grass-county-mt"
2015,"2015",0.07999999821186066,"Powell County, MT","05000US30077","powell-county-mt"
2015,"2015",0.06599999964237213,"Park County, MT","05000US30067","park-county-mt"
2015,"2015",0.0949999988079071,"Chouteau County, MT","05000US30015","chouteau-county-mt"
2015,"2015",0.09399999678134918,"Teton County, MT","05000US30099","teton-county-mt"
2015,"2015",0.0820000022649765,"Beaverhead County, MT","05000US30001","beaverhead-county-mt"
2015,"2015",0.12800000607967377,"Glacier County, MT","05000US30035","glacier-county-mt"
2015,"2015",0.08299999684095383,"Cascade County, MT","05000US30013","cascade-county-mt"
2015,"2015",0.08900000154972076,"Toole County, MT","05000US30101","toole-county-mt"
2015,"2015",0.0989999994635582,"Prairie County, MT","05000US30079","prairie-county-mt"
2015,"2015",0.07999999821186066,"Liberty County, MT","05000US30051","liberty-county-mt"
2015,"2015",0.08500000089406967,"Carter County, MT","05000US30011","carter-county-mt"
2015,"2015",0.09099999815225601,"Treasure County, MT","05000US30103","treasure-county-mt"
2015,"2015",0.0949999988079071,"Judith Basin County, MT","05000US30045","judith-basin-county-mt"
2015,"2015",0.07800000160932541,"Garfield County, MT","05000US30033","garfield-county-mt"
2015,"2015",0.07900000363588333,"Carbon County, MT","05000US30009","carbon-county-mt"
2015,"2015",0.09799999743700027,"Valley County, MT","05000US30105","valley-county-mt"
2015,"2015",0.07199999690055847,"Ravalli County, MT","05000US30081","ravalli-county-mt"
2015,"2015",0.09300000220537186,"Petroleum County, MT","05000US30069","petroleum-county-mt"
2015,"2015",0.07599999755620956,"Broadwater County, MT","05000US30007","broadwater-county-mt"
2015,"2015",0.07800000160932541,"Wheatland County, MT","05000US30107","wheatland-county-mt"
2015,"2015",0.04600000008940697,"Missoula County, MT","05000US30063","missoula-county-mt"
2015,"2015",0.04399999976158142,"Gallatin County, MT","05000US30031","gallatin-county-mt"
2015,"2015",0.11900000274181366,"Blaine County, MT","05000US30005","blaine-county-mt"
2015,"2015",0.09700000286102295,"Wibaux County, MT","05000US30109","wibaux-county-mt"
2015,"2015",0.07500000298023224,"Richland County, MT","05000US30083","richland-county-mt"
2015,"2015",0.09099999815225601,"McCone County, MT","05000US30055","mccone-county-mt"
2015,"2015",0.12999999523162842,"Big Horn County, MT","05000US30003","big-horn-county-mt"
2015,"2015",0.08500000089406967,"Yellowstone County, MT","05000US30111","yellowstone-county-mt"
2015,"2015",0.07500000298023224,"Jefferson County, MT","05000US30043","jefferson-county-mt"
2015,"2015",0.0689999982714653,"Flathead County, MT","05000US30029","flathead-county-mt"
2014,"2014",0.09000000357627869,"Pondera County, MT","05000US30073","pondera-county-mt"
2014,"2014",0.09099999815225601,"Sheridan County, MT","05000US30091","sheridan-county-mt"
2014,"2014",0.08799999952316284,"Meagher County, MT","05000US30059","meagher-county-mt"
2014,"2014",0.0820000022649765,"Beaverhead County, MT","05000US30001","beaverhead-county-mt"
2014,"2014",0.04100000113248825,"Gallatin County, MT","05000US30031","gallatin-county-mt"
2014,"2014",0.08100000023841858,"Granite County, MT","05000US30039","granite-county-mt"
2014,"2014",0.08799999952316284,"Silver Bow County, MT","05000US30093","silver-bow-county-mt"
2014,"2014",0.0860000029206276,"Powder River County, MT","05000US30075","powder-river-county-mt"
2014,"2014",0.06700000166893005,"Lewis and Clark County, MT","05000US30049","lewis-and-clark-county-mt"
2014,"2014",0.09300000220537186,"Mineral County, MT","05000US30061","mineral-county-mt"
2014,"2014",0.07900000363588333,"Fallon County, MT","05000US30025","fallon-county-mt"
2014,"2014",0.08299999684095383,"Stillwater County, MT","05000US30095","stillwater-county-mt"
2014,"2014",0.08299999684095383,"Cascade County, MT","05000US30013","cascade-county-mt"
2014,"2014",0.07900000363588333,"Powell County, MT","05000US30077","powell-county-mt"
2014,"2014",0.07800000160932541,"Broadwater County, MT","05000US30007","broadwater-county-mt"
2014,"2014",0.07500000298023224,"Dawson County, MT","05000US30021","dawson-county-mt"
2014,"2014",0.07999999821186066,"Sweet Grass County, MT","05000US30097","sweet-grass-county-mt"
2014,"2014",0.04800000041723251,"Missoula County, MT","05000US30063","missoula-county-mt"
2014,"2014",0.07800000160932541,"Liberty County, MT","05000US30051","liberty-county-mt"
2014,"2014",0.0949999988079071,"Prairie County, MT","05000US30079","prairie-county-mt"
2014,"2014",0.0820000022649765,"Hill County, MT","05000US30041","hill-county-mt"
2014,"2014",0.08399999886751175,"Teton County, MT","05000US30099","teton-county-mt"
2014,"2014",0.07900000363588333,"Garfield County, MT","05000US30033","garfield-county-mt"
2014,"2014",0.09300000220537186,"Custer County, MT","05000US30017","custer-county-mt"
2014,"2014",0.0860000029206276,"Musselshell County, MT","05000US30065","musselshell-county-mt"
2014,"2014",0.06700000166893005,"Ravalli County, MT","05000US30081","ravalli-county-mt"
2014,"2014",0.08299999684095383,"Toole County, MT","05000US30101","toole-county-mt"
2014,"2014",0.0820000022649765,"Fergus County, MT","05000US30027","fergus-county-mt"
2014,"2014",0.0949999988079071,"Lincoln County, MT","05000US30053","lincoln-county-mt"
2014,"2014",0.0820000022649765,"Carter County, MT","05000US30011","carter-county-mt"
2014,"2014",0.07500000298023224,"Jefferson County, MT","05000US30043","jefferson-county-mt"
2014,"2014",0.08699999749660492,"Treasure County, MT","05000US30103","treasure-county-mt"
2014,"2014",0.0689999982714653,"Richland County, MT","05000US30083","richland-county-mt"
2014,"2014",0.06300000101327896,"Park County, MT","05000US30067","park-county-mt"
2014,"2014",0.07999999821186066,"Carbon County, MT","05000US30009","carbon-county-mt"
2014,"2014",0.12800000607967377,"Glacier County, MT","05000US30035","glacier-county-mt"
2014,"2014",0.10300000011920929,"Valley County, MT","05000US30105","valley-county-mt"
2014,"2014",0.07900000363588333,"McCone County, MT","05000US30055","mccone-county-mt"
2014,"2014",0.13300000131130219,"Roosevelt County, MT","05000US30085","roosevelt-county-mt"
2014,"2014",0.12800000607967377,"Big Horn County, MT","05000US30003","big-horn-county-mt"
2014,"2014",0.09000000357627869,"Petroleum County, MT","05000US30069","petroleum-county-mt"
2014,"2014",0.0820000022649765,"Wheatland County, MT","05000US30107","wheatland-county-mt"
2014,"2014",0.08100000023841858,"Deer Lodge County, MT","05000US30023","deer-lodge-county-mt"
2014,"2014",0.08500000089406967,"Judith Basin County, MT","05000US30045","judith-basin-county-mt"
2014,"2014",0.10100000351667404,"Rosebud County, MT","05000US30087","rosebud-county-mt"
2014,"2014",0.07000000029802322,"Flathead County, MT","05000US30029","flathead-county-mt"
2014,"2014",0.0949999988079071,"Wibaux County, MT","05000US30109","wibaux-county-mt"
2014,"2014",0.09799999743700027,"Chouteau County, MT","05000US30015","chouteau-county-mt"
2014,"2014",0.08500000089406967,"Phillips County, MT","05000US30071","phillips-county-mt"
2014,"2014",0.09399999678134918,"Golden Valley County, MT","05000US30037","golden-valley-county-mt"
2014,"2014",0.10400000214576721,"Sanders County, MT","05000US30089","sanders-county-mt"
2014,"2014",0.08500000089406967,"Yellowstone County, MT","05000US30111","yellowstone-county-mt"
2014,"2014",0.09099999815225601,"Daniels County, MT","05000US30019","daniels-county-mt"
2014,"2014",0.09099999815225601,"Lake County, MT","05000US30047","lake-county-mt"
2014,"2014",0.11599999666213989,"Blaine County, MT","05000US30005","blaine-county-mt"
2014,"2014",0.07699999958276749,"Madison County, MT","05000US30057","madison-county-mt"