ID Race,Race,ID Year,Year,Household Income by Race,Household Income by Race Moe,Geography,ID Geography,Slug Geography
9,"Hispanic",2018,"2018",68664,12860,"Yellowstone County, MT","05000US30111","yellowstone-county-mt"
7,"Two Or More",2018,"2018",68726,58967,"Missoula County, MT","05000US30063","missoula-county-mt"
7,"Two Or More",2018,"2018",42784,19335,"Lewis and Clark County, MT","05000US30049","lewis-and-clark-county-mt"
0,"Total",2018,"2018",49948,3119,"Cascade County, MT","05000US30013","cascade-county-mt"
7,"Two Or More",2018,"2018",51093,2040,"Flathead County, MT","05000US30029","flathead-county-mt"
7,"Two Or More",2018,"2018",53873,15214,"Yellowstone County, MT","05000US30111","yellowstone-county-mt"
8,"White Non-Hispanic",2018,"2018",52546,4218,"Cascade County, MT","05000US30013","cascade-county-mt"
4,"Asian",2018,"2018",45099,42603,"Missoula County, MT","05000US30063","missoula-county-mt"
0,"Total",2018,"2018",53193,6311,"Flathead County, MT","05000US30029","flathead-county-mt"
9,"Hispanic",2018,"2018",55322,21915,"Missoula County, MT","05000US30063","missoula-county-mt"
4,"Asian",2018,"2018",93750,29949,"Lewis and Clark County, MT","05000US30049","lewis-and-clark-county-mt"
4,"Asian",2018,"2018",67409,40919,"Gallatin County, MT","05000US30031","gallatin-county-mt"
0,"Total",2018,"2018",68266,4170,"Gallatin County, MT","05000US30031","gallatin-county-mt"
9,"Hispanic",2018,"2018",75781,34828,"Lewis and Clark County, MT","05000US30049","lewis-and-clark-county-mt"
8,"White Non-Hispanic",2018,"2018",55098,6576,"Flathead County, MT","05000US30029","flathead-county-mt"
3,"Native American",2018,"2018",68310,53952,"Yellowstone County, MT","05000US30111","yellowstone-county-mt"
0,"Total",2018,"2018",65241,5668,"Lewis and Clark County, MT","05000US30049","lewis-and-clark-county-mt"
3,"Native American",2018,"2018",78395,20498,"Missoula County, MT","05000US30063","missoula-county-mt"
8,"White Non-Hispanic",2018,"2018",69242,4744,"Gallatin County, MT","05000US30031","gallatin-county-mt"
3,"Native American",2018,"2018",40081,10118,"Lewis and Clark County, MT","05000US30049","lewis-and-clark-county-mt"
3,"Native American",2018,"2018",41071,29240,"Gallatin County, MT","05000US30031","gallatin-county-mt"
0,"Total",2018,"2018",56598,2374,"Missoula County, MT","05000US30063","missoula-county-mt"
9,"Hispanic",2018,"2018",55803,30051,"Gallatin County, MT","05000US30031","gallatin-county-mt"
3,"Native American",2018,"2018",11669,2198,"Flathead County, MT","05000US30029","flathead-county-mt"
8,"White Non-Hispanic",2018,"2018",66513,6191,"Lewis and Clark County, MT","05000US30049","lewis-and-clark-county-mt"
0,"Total",2018,"2018",60079,4216,"Yellowstone County, MT","05000US30111","yellowstone-county-mt"
2,"Black",2018,"2018",60436,33980,"Yellowstone County, MT","05000US30111","yellowstone-county-mt"
8,"White Non-Hispanic",2018,"2018",57169,3147,"Missoula County, MT","05000US30063","missoula-county-mt"
2,"Black",2018,"2018",41373,34478,"Cascade County, MT","05000US30013","cascade-county-mt"
1,"White",2018,"2018",51596,3474,"Cascade County, MT","05000US30013","cascade-county-mt"
9,"Hispanic",2018,"2018",42204,13874,"Flathead County, MT","05000US30029","flathead-county-mt"
1,"White",2018,"2018",60222,4051,"Yellowstone County, MT","05000US30111","yellowstone-county-mt"
8,"White Non-Hispanic",2018,"2018",60081,4362,"Yellowstone County, MT","05000US30111","yellowstone-county-mt"
1,"White",2018,"2018",56642,2382,"Missoula County, MT","05000US30063","missoula-county-mt"
1,"White",2018,"2018",55021,6577,"Flathead County, MT","05000US30029","flathead-county-mt"
1,"White",2018,"2018",66722,6255,"Lewis and Clark County, MT","05000US30049","lewis-and-clark-county-mt"
9,"Hispanic",2018,"2018",39346,12573,"Cascade County, MT","05000US30013","cascade-county-mt"
1,"White",2018,"2018",68982,4146,"Gallatin County, MT","05000US30031","gallatin-county-mt"
9,"Hispanic",2017,"2017",47518,15933.999999999998,"Lewis and Clark County, MT","05000US30049","lewis-and-clark-county-mt"
1,"White",2017,"2017",61164,6580,"Gallatin County, MT","05000US30031","gallatin-county-mt"
9,"Hispanic",2017,"2017",24526,9402,"Cascade County, MT","05000US30013","cascade-county-mt"
0,"Total",2017,"2017",47713,3956.0000000000005,"Cascade County, MT","05000US30013","cascade-county-mt"
1,"White",2017,"2017",61275,3299,"Lewis and Clark County, MT","05000US30049","lewis-and-clark-county-mt"
7,"Two Or More",2017,"2017",44045,16754,"Lewis and Clark County, MT","05000US30049","lewis-and-clark-county-mt"
7,"Two Or More",2017,"2017",29143,13662,"Yellowstone County, MT","05000US30111","yellowstone-county-mt"
9,"Hispanic",2017,"2017",60613,31648.000000000004,"Yellowstone County, MT","05000US30111","yellowstone-county-mt"
1,"White",2017,"2017",56021,4765,"Missoula County, MT","05000US30063","missoula-county-mt"
1,"White",2017,"2017",59202,4379,"Flathead County, MT","05000US30029","flathead-county-mt"
7,"Two Or More",2017,"2017",35572,12254,"Cascade County, MT","05000US30013","cascade-county-mt"
8,"White Non-Hispanic",2017,"2017",58826,3020,"Yellowstone County, MT","05000US30111","yellowstone-county-mt"
6,"Other",2017,"2017",73345,28505,"Yellowstone County, MT","05000US30111","yellowstone-county-mt"
1,"White",2017,"2017",59085,3008,"Yellowstone County, MT","05000US30111","yellowstone-county-mt"
9,"Hispanic",2017,"2017",118391,4489,"Flathead County, MT","05000US30029","flathead-county-mt"
8,"White Non-Hispanic",2017,"2017",51276,4841,"Cascade County, MT","05000US30013","cascade-county-mt"
6,"Other",2017,"2017",48563,33835,"Gallatin County, MT","05000US30031","gallatin-county-mt"
1,"White",2017,"2017",50366,4756,"Cascade County, MT","05000US30013","cascade-county-mt"
0,"Total",2017,"2017",59735,4466,"Flathead County, MT","05000US30029","flathead-county-mt"
8,"White Non-Hispanic",2017,"2017",55777,4706,"Missoula County, MT","05000US30063","missoula-county-mt"
0,"Total",2017,"2017",60901,6676,"Gallatin County, MT","05000US30031","gallatin-county-mt"
4,"Asian",2017,"2017",100759,20685,"Gallatin County, MT","05000US30031","gallatin-county-mt"
2,"Black",2017,"2017",42313,41128,"Yellowstone County, MT","05000US30111","yellowstone-county-mt"
9,"Hispanic",2017,"2017",44512,27366,"Gallatin County, MT","05000US30031","gallatin-county-mt"
0,"Total",2017,"2017",58156,3112,"Yellowstone County, MT","05000US30111","yellowstone-county-mt"
8,"White Non-Hispanic",2017,"2017",58422,4411,"Flathead County, MT","05000US30029","flathead-county-mt"
8,"White Non-Hispanic",2017,"2017",61403,3367,"Lewis and Clark County, MT","05000US30049","lewis-and-clark-county-mt"
3,"Native American",2017,"2017",57283,28620,"Flathead County, MT","05000US30029","flathead-county-mt"
4,"Asian",2017,"2017",103147,64561.00000000001,"Flathead County, MT","05000US30029","flathead-county-mt"
0,"Total",2017,"2017",60404,6356,"Lewis and Clark County, MT","05000US30049","lewis-and-clark-county-mt"
0,"Total",2017,"2017",54311,4421,"Missoula County, MT","05000US30063","missoula-county-mt"
3,"Native American",2017,"2017",41495,36529,"Yellowstone County, MT","05000US30111","yellowstone-county-mt"
8,"White Non-Hispanic",2017,"2017",61348,6775.999999999999,"Gallatin County, MT","05000US30031","gallatin-county-mt"
3,"Native American",2017,"2017",19518,15204,"Missoula County, MT","05000US30063","missoula-county-mt"
6,"Other",2016,"2016",31277,25450,"Cascade County, MT","05000US30013","cascade-county-mt"
3,"Native American",2016,"2016",38621,29452,"Missoula County, MT","05000US30063","missoula-county-mt"
9,"Hispanic",2016,"2016",23930,11960,"Lewis and Clark County, MT","05000US30049","lewis-and-clark-county-mt"
8,"White Non-Hispanic",2016,"2016",61370,3499.9999999999995,"Gallatin County, MT","05000US30031","gallatin-county-mt"
3,"Native American",2016,"2016",59447,22909,"Yellowstone County, MT","05000US30111","yellowstone-county-mt"
0,"Total",2016,"2016",46550,3420.0000000000005,"Missoula County, MT","05000US30063","missoula-county-mt"
8,"White Non-Hispanic",2016,"2016",65249,6158,"Lewis and Clark County, MT","05000US30049","lewis-and-clark-county-mt"
0,"Total",2016,"2016",63475,6463,"Lewis and Clark County, MT","05000US30049","lewis-and-clark-county-mt"
0,"Total",2016,"2016",57945,3577.0000000000005,"Yellowstone County, MT","05000US30111","yellowstone-county-mt"
3,"Native American",2016,"2016",26167,6491,"Cascade County, MT","05000US30013","cascade-county-mt"
4,"Asian",2016,"2016",140951,87314,"Gallatin County, MT","05000US30031","gallatin-county-mt"
2,"Black",2016,"2016",25665,24747,"Yellowstone County, MT","05000US30111","yellowstone-county-mt"
8,"White Non-Hispanic",2016,"2016",47729,5527,"Missoula County, MT","05000US30063","missoula-county-mt"
8,"White Non-Hispanic",2016,"2016",50877,3341,"Flathead County, MT","05000US30029","flathead-county-mt"
0,"Total",2016,"2016",61211,3899,"Gallatin County, MT","05000US30031","gallatin-county-mt"
4,"Asian",2016,"2016",41755,27002.999999999996,"Missoula County, MT","05000US30063","missoula-county-mt"
1,"White",2016,"2016",46809,3724.0000000000005,"Cascade County, MT","05000US30013","cascade-county-mt"
0,"Total",2016,"2016",50142,3478,"Flathead County, MT","05000US30029","flathead-county-mt"
1,"White",2016,"2016",61437,3554,"Gallatin County, MT","05000US30031","gallatin-county-mt"
0,"Total",2016,"2016",45138,3057,"Cascade County, MT","05000US30013","cascade-county-mt"
8,"White Non-Hispanic",2016,"2016",59023,4120,"Yellowstone County, MT","05000US30111","yellowstone-county-mt"
6,"Other",2016,"2016",28875,26506,"Yellowstone County, MT","05000US30111","yellowstone-county-mt"
1,"White",2016,"2016",58496,4117,"Yellowstone County, MT","05000US30111","yellowstone-county-mt"
8,"White Non-Hispanic",2016,"2016",47521,3668.0000000000005,"Cascade County, MT","05000US30013","cascade-county-mt"
7,"Two Or More",2016,"2016",44146,7437,"Cascade County, MT","05000US30013","cascade-county-mt"
1,"White",2016,"2016",50809,3329,"Flathead County, MT","05000US30029","flathead-county-mt"
9,"Hispanic",2016,"2016",40333,23137,"Yellowstone County, MT","05000US30111","yellowstone-county-mt"
7,"Two Or More",2016,"2016",24453,24208,"Flathead County, MT","05000US30029","flathead-county-mt"
1,"White",2016,"2016",47217,4885,"Missoula County, MT","05000US30063","missoula-county-mt"
9,"Hispanic",2016,"2016",26293,12104,"Cascade County, MT","05000US30013","cascade-county-mt"
7,"Two Or More",2016,"2016",31642,16626,"Gallatin County, MT","05000US30031","gallatin-county-mt"
7,"Two Or More",2016,"2016",48813,30021,"Yellowstone County, MT","05000US30111","yellowstone-county-mt"
7,"Two Or More",2016,"2016",66383,41023,"Lewis and Clark County, MT","05000US30049","lewis-and-clark-county-mt"
9,"Hispanic",2016,"2016",31758,24172,"Flathead County, MT","05000US30029","flathead-county-mt"
1,"White",2016,"2016",64910,6342,"Lewis and Clark County, MT","05000US30049","lewis-and-clark-county-mt"
2,"Black",2016,"2016",46429,40151,"Cascade County, MT","05000US30013","cascade-county-mt"
8,"White Non-Hispanic",2015,"2015",58401,2333,"Gallatin County, MT","05000US30031","gallatin-county-mt"
9,"Hispanic",2015,"2015",36009,13188,"Lewis and Clark County, MT","05000US30049","lewis-and-clark-county-mt"
2,"Black",2015,"2015",55098,36185,"Yellowstone County, MT","05000US30111","yellowstone-county-mt"
4,"Asian",2015,"2015",48217,41231,"Cascade County, MT","05000US30013","cascade-county-mt"
4,"Asian",2015,"2015",2499,,"Gallatin County, MT","05000US30031","gallatin-county-mt"
1,"White",2015,"2015",46771,4858,"Flathead County, MT","05000US30029","flathead-county-mt"
9,"Hispanic",2015,"2015",31847,29482,"Cascade County, MT","05000US30013","cascade-county-mt"
8,"White Non-Hispanic",2015,"2015",44939,5890,"Missoula County, MT","05000US30063","missoula-county-mt"
1,"White",2015,"2015",44340,5849,"Missoula County, MT","05000US30063","missoula-county-mt"
3,"Native American",2015,"2015",9762,5074,"Cascade County, MT","05000US30013","cascade-county-mt"
8,"White Non-Hispanic",2015,"2015",46617,4673,"Flathead County, MT","05000US30029","flathead-county-mt"
0,"Total",2015,"2015",58026,2753,"Yellowstone County, MT","05000US30111","yellowstone-county-mt"
0,"Total",2015,"2015",46899,5306,"Flathead County, MT","05000US30029","flathead-county-mt"
3,"Native American",2015,"2015",33012,26365,"Flathead County, MT","05000US30029","flathead-county-mt"
4,"Asian",2015,"2015",90417,29434.000000000004,"Yellowstone County, MT","05000US30111","yellowstone-county-mt"
9,"Hispanic",2015,"2015",35206,15978.000000000002,"Yellowstone County, MT","05000US30111","yellowstone-county-mt"
9,"Hispanic",2015,"2015",27805,14184.000000000002,"Missoula County, MT","05000US30063","missoula-county-mt"
9,"Hispanic",2015,"2015",87512,32340,"Flathead County, MT","05000US30029","flathead-county-mt"
1,"White",2015,"2015",58255,2900,"Yellowstone County, MT","05000US30111","yellowstone-county-mt"
8,"White Non-Hispanic",2015,"2015",63044,6885.000000000001,"Lewis and Clark County, MT","05000US30049","lewis-and-clark-county-mt"
3,"Native American",2015,"2015",31422,12933,"Lewis and Clark County, MT","05000US30049","lewis-and-clark-county-mt"
7,"Two Or More",2015,"2015",22721,18020,"Cascade County, MT","05000US30013","cascade-county-mt"
1,"White",2015,"2015",58039,2254,"Gallatin County, MT","05000US30031","gallatin-county-mt"
0,"Total",2015,"2015",42815,5512,"Missoula County, MT","05000US30063","missoula-county-mt"
8,"White Non-Hispanic",2015,"2015",47222,2879,"Cascade County, MT","05000US30013","cascade-county-mt"
3,"Native American",2015,"2015",32747,28052,"Missoula County, MT","05000US30063","missoula-county-mt"
9,"Hispanic",2015,"2015",39572,24039,"Gallatin County, MT","05000US30031","gallatin-county-mt"
1,"White",2015,"2015",47440,2893,"Cascade County, MT","05000US30013","cascade-county-mt"
8,"White Non-Hispanic",2015,"2015",59119,2997,"Yellowstone County, MT","05000US30111","yellowstone-county-mt"
7,"Two Or More",2015,"2015",35815,15234,"Gallatin County, MT","05000US30031","gallatin-county-mt"
2,"Black",2015,"2015",53780,33781,"Cascade County, MT","05000US30013","cascade-county-mt"
0,"Total",2015,"2015",45606,3301,"Cascade County, MT","05000US30013","cascade-county-mt"
7,"Two Or More",2015,"2015",44567,24194,"Lewis and Clark County, MT","05000US30049","lewis-and-clark-county-mt"
3,"Native American",2015,"2015",44221,20122,"Yellowstone County, MT","05000US30111","yellowstone-county-mt"
0,"Total",2015,"2015",58796,7603.000000000001,"Lewis and Clark County, MT","05000US30049","lewis-and-clark-county-mt"
1,"White",2015,"2015",61799,7455,"Lewis and Clark County, MT","05000US30049","lewis-and-clark-county-mt"
7,"Two Or More",2015,"2015",50399,31781,"Yellowstone County, MT","05000US30111","yellowstone-county-mt"
0,"Total",2015,"2015",57535,2338,"Gallatin County, MT","05000US30031","gallatin-county-mt"
7,"Two Or More",2015,"2015",24923,9941,"Missoula County, MT","05000US30063","missoula-county-mt"
8,"White Non-Hispanic",2014,"2014",52989,2944,"Yellowstone County, MT","05000US30111","yellowstone-county-mt"
7,"Two Or More",2014,"2014",75514,45749,"Missoula County, MT","05000US30063","missoula-county-mt"
7,"Two Or More",2014,"2014",43125,11307,"Gallatin County, MT","05000US30031","gallatin-county-mt"
7,"Two Or More",2014,"2014",33629,644,"Flathead County, MT","05000US30029","flathead-county-mt"
8,"White Non-Hispanic",2014,"2014",43596,4096,"Cascade County, MT","05000US30013","cascade-county-mt"
6,"Other",2014,"2014",48480,12131,"Yellowstone County, MT","05000US30111","yellowstone-county-mt"
8,"White Non-Hispanic",2014,"2014",48896,3917,"Flathead County, MT","05000US30029","flathead-county-mt"
4,"Asian",2014,"2014",2499,,"Missoula County, MT","05000US30063","missoula-county-mt"
0,"Total",2014,"2014",42170,3538,"Cascade County, MT","05000US30013","cascade-county-mt"
8,"White Non-Hispanic",2014,"2014",51172,3193,"Gallatin County, MT","05000US30031","gallatin-county-mt"
3,"Native American",2014,"2014",44221,9356,"Yellowstone County, MT","05000US30111","yellowstone-county-mt"
8,"White Non-Hispanic",2014,"2014",54560,3284,"Lewis and Clark County, MT","05000US30049","lewis-and-clark-county-mt"
3,"Native American",2014,"2014",46216,19227,"Flathead County, MT","05000US30029","flathead-county-mt"
3,"Native American",2014,"2014",28186,15503,"Cascade County, MT","05000US30013","cascade-county-mt"
8,"White Non-Hispanic",2014,"2014",45745,5253,"Missoula County, MT","05000US30063","missoula-county-mt"
2,"Black",2014,"2014",23675,16078.000000000002,"Missoula County, MT","05000US30063","missoula-county-mt"
2,"Black",2014,"2014",9745,2342,"Gallatin County, MT","05000US30031","gallatin-county-mt"
7,"Two Or More",2014,"2014",35174,12472,"Yellowstone County, MT","05000US30111","yellowstone-county-mt"
7,"Two Or More",2014,"2014",23674,712,"Lewis and Clark County, MT","05000US30049","lewis-and-clark-county-mt"
2,"Black",2014,"2014",30432,14950,"Cascade County, MT","05000US30013","cascade-county-mt"
1,"White",2014,"2014",52277,2655,"Yellowstone County, MT","05000US30111","yellowstone-county-mt"
9,"Hispanic",2014,"2014",50410,24786,"Cascade County, MT","05000US30013","cascade-county-mt"
1,"White",2014,"2014",45176,5068,"Missoula County, MT","05000US30063","missoula-county-mt"
1,"White",2014,"2014",54511,3472,"Lewis and Clark County, MT","05000US30049","lewis-and-clark-county-mt"
9,"Hispanic",2014,"2014",22621,20686,"Flathead County, MT","05000US30029","flathead-county-mt"
1,"White",2014,"2014",50869,3554.9999999999995,"Gallatin County, MT","05000US30031","gallatin-county-mt"
1,"White",2014,"2014",48474,3973,"Flathead County, MT","05000US30029","flathead-county-mt"
9,"Hispanic",2014,"2014",38780,16916,"Gallatin County, MT","05000US30031","gallatin-county-mt"
1,"White",2014,"2014",43824,4158,"Cascade County, MT","05000US30013","cascade-county-mt"
0,"Total",2014,"2014",51508,2569,"Yellowstone County, MT","05000US30111","yellowstone-county-mt"
9,"Hispanic",2014,"2014",72074,66522,"Lewis and Clark County, MT","05000US30049","lewis-and-clark-county-mt"
0,"Total",2014,"2014",44289,4997,"Missoula County, MT","05000US30063","missoula-county-mt"
0,"Total",2014,"2014",53435,3337,"Lewis and Clark County, MT","05000US30049","lewis-and-clark-county-mt"
9,"Hispanic",2014,"2014",40376,24371,"Missoula County, MT","05000US30063","missoula-county-mt"
0,"Total",2014,"2014",50238,3828,"Gallatin County, MT","05000US30031","gallatin-county-mt"
9,"Hispanic",2014,"2014",28329,6680,"Yellowstone County, MT","05000US30111","yellowstone-county-mt"
0,"Total",2014,"2014",47362,3671.9999999999995,"Flathead County, MT","05000US30029","flathead-county-mt"
8,"White Non-Hispanic",2013,"2013",59490,4628,"Gallatin County, MT","05000US30031","gallatin-county-mt"
7,"Two Or More",2013,"2013",40727,37188,"Cascade County, MT","05000US30013","cascade-county-mt"
2,"Black",2013,"2013",59208,30641.999999999996,"Cascade County, MT","05000US30013","cascade-county-mt"
4,"Asian",2013,"2013",76393,58860,"Cascade County, MT","05000US30013","cascade-county-mt"
1,"White",2013,"2013",55149,3665,"Yellowstone County, MT","05000US30111","yellowstone-county-mt"
0,"Total",2013,"2013",43947,3493,"Cascade County, MT","05000US30013","cascade-county-mt"
3,"Native American",2013,"2013",25541,7017.000000000001,"Yellowstone County, MT","05000US30111","yellowstone-county-mt"
1,"White",2013,"2013",48855,5127,"Missoula County, MT","05000US30063","missoula-county-mt"
3,"Native American",2013,"2013",31290,16063.999999999998,"Missoula County, MT","05000US30063","missoula-county-mt"
1,"White",2013,"2013",55014,5849,"Lewis and Clark County, MT","05000US30049","lewis-and-clark-county-mt"
8,"White Non-Hispanic",2013,"2013",55286,7067.000000000001,"Lewis and Clark County, MT","05000US30049","lewis-and-clark-county-mt"
4,"Asian",2013,"2013",61659,42308,"Yellowstone County, MT","05000US30111","yellowstone-county-mt"
1,"White",2013,"2013",60064,4536,"Gallatin County, MT","05000US30031","gallatin-county-mt"
3,"Native American",2013,"2013",35254,5801,"Lewis and Clark County, MT","05000US30049","lewis-and-clark-county-mt"
1,"White",2013,"2013",48194,3873.9999999999995,"Flathead County, MT","05000US30029","flathead-county-mt"
9,"Hispanic",2013,"2013",66754,24857,"Gallatin County, MT","05000US30031","gallatin-county-mt"
3,"Native American",2013,"2013",11818,10331,"Gallatin County, MT","05000US30031","gallatin-county-mt"
8,"White Non-Hispanic",2013,"2013",48460,3964,"Flathead County, MT","05000US30029","flathead-county-mt"
1,"White",2013,"2013",44497,3468,"Cascade County, MT","05000US30013","cascade-county-mt"
8,"White Non-Hispanic",2013,"2013",44439,3446,"Cascade County, MT","05000US30013","cascade-county-mt"
8,"White Non-Hispanic",2013,"2013",48846,5224,"Missoula County, MT","05000US30063","missoula-county-mt"
0,"Total",2013,"2013",52610,3392,"Yellowstone County, MT","05000US30111","yellowstone-county-mt"
7,"Two Or More",2013,"2013",42459,2885,"Missoula County, MT","05000US30063","missoula-county-mt"
0,"Total",2013,"2013",48077,4956,"Missoula County, MT","05000US30063","missoula-county-mt"
3,"Native American",2013,"2013",22328,16747,"Cascade County, MT","05000US30013","cascade-county-mt"
9,"Hispanic",2013,"2013",109520,94237,"Missoula County, MT","05000US30063","missoula-county-mt"
2,"Black",2013,"2013",21456,2649,"Yellowstone County, MT","05000US30111","yellowstone-county-mt"
0,"Total",2013,"2013",54954,4774,"Lewis and Clark County, MT","05000US30049","lewis-and-clark-county-mt"
4,"Asian",2013,"2013",57330,19170,"Lewis and Clark County, MT","05000US30049","lewis-and-clark-county-mt"
9,"Hispanic",2013,"2013",27319,21251,"Yellowstone County, MT","05000US30111","yellowstone-county-mt"
4,"Asian",2013,"2013",59317,10229,"Gallatin County, MT","05000US30031","gallatin-county-mt"
0,"Total",2013,"2013",58809,4130,"Gallatin County, MT","05000US30031","gallatin-county-mt"
7,"Two Or More",2013,"2013",23924,2102,"Flathead County, MT","05000US30029","flathead-county-mt"
0,"Total",2013,"2013",47802,3918,"Flathead County, MT","05000US30029","flathead-county-mt"
8,"White Non-Hispanic",2013,"2013",55678,3479.9999999999995,"Yellowstone County, MT","05000US30111","yellowstone-county-mt"