ID Year,Year,Household Income by Race,Household Income by Race Moe,Geography,ID Geography,Slug Geography
2017,"2017",49412,1947,"Missoula, MT","31000US33540","missoula-mt-metro-area"
2017,"2017",51410,1582,"Kalispell, MT","31000US28060","kalispell-mt-micro-area"
2017,"2017",50801,479,"Montana","04000US30","montana"
2017,"2017",57652,138,"United States","01000US","united-states"
2016,"2016",48380,532,"Montana","04000US30","montana"
2016,"2016",55322,120.00000000000001,"United States","01000US","united-states"
2016,"2016",48407,1575,"Kalispell, MT","31000US28060","kalispell-mt-micro-area"
2016,"2016",46371,1354,"Missoula, MT","31000US33540","missoula-mt-metro-area"
2015,"2015",53889,109.99999999999999,"United States","01000US","united-states"
2015,"2015",47169,489.99999999999994,"Montana","04000US30","montana"
2015,"2015",47851,1921,"Kalispell, MT","31000US28060","kalispell-mt-micro-area"
2015,"2015",46164,1598,"Missoula, MT","31000US33540","missoula-mt-metro-area"
2014,"2014",47029,1733,"Missoula, MT","31000US33540","missoula-mt-metro-area"
2014,"2014",46858,1432,"Kalispell, MT","31000US28060","kalispell-mt-micro-area"
2014,"2014",46766,501.99999999999994,"Montana","04000US30","montana"
2014,"2014",53482,95,"United States","01000US","united-states"
2013,"2013",53046,89,"United States","01000US","united-states"
2013,"2013",46117,1462,"Missoula, MT","31000US33540","missoula-mt-metro-area"
2013,"2013",46230,453,"Montana","04000US30","montana"
2013,"2013",46581,1300,"Kalispell, MT","31000US28060","kalispell-mt-micro-area"