ID Age,Age,ID Gender,Gender,ID Year,Year,ID Poverty Status,Poverty Status,Poverty Population,Poverty Population Moe,Geography,ID Geography,Slug Geography,share
3,"12 to 14 Years",0,"Male",2017,"2017",0,"Income In The Past 12 Months Below Poverty Level",291,138,"Missoula, MT","31000US33540","missoula-mt-metro-area",0.01644532353772252
12,"75 Years & Over",1,"Female",2017,"2017",0,"Income In The Past 12 Months Below Poverty Level",266,111,"Missoula, MT","31000US33540","missoula-mt-metro-area",0.015032495055100311
12,"75 Years & Over",0,"Male",2017,"2017",0,"Income In The Past 12 Months Below Poverty Level",122,67,"Missoula, MT","31000US33540","missoula-mt-metro-area",0.006894602995196383
0,"Under 5 Years",1,"Female",2017,"2017",0,"Income In The Past 12 Months Below Poverty Level",272,94,"Missoula, MT","31000US33540","missoula-mt-metro-area",0.01537157389092964
11,"65 to 74 Years",1,"Female",2017,"2017",0,"Income In The Past 12 Months Below Poverty Level",332,143,"Missoula, MT","31000US33540","missoula-mt-metro-area",0.018762362249222946
1,"5 Years",0,"Male",2017,"2017",0,"Income In The Past 12 Months Below Poverty Level",198,120.00000000000001,"Missoula, MT","31000US33540","missoula-mt-metro-area",0.0111896015823679
11,"65 to 74 Years",0,"Male",2017,"2017",0,"Income In The Past 12 Months Below Poverty Level",269,131,"Missoula, MT","31000US33540","missoula-mt-metro-area",0.015202034473014976
1,"5 Years",1,"Female",2017,"2017",0,"Income In The Past 12 Months Below Poverty Level",93,61,"Missoula, MT","31000US33540","missoula-mt-metro-area",0.00525572195535462
10,"55 to 64 Years",1,"Female",2017,"2017",0,"Income In The Past 12 Months Below Poverty Level",740,211,"Missoula, MT","31000US33540","missoula-mt-metro-area",0.041819723085617405
2,"6 to 11 Years",0,"Male",2017,"2017",0,"Income In The Past 12 Months Below Poverty Level",573,141,"Missoula, MT","31000US33540","missoula-mt-metro-area",0.03238202882170105
10,"55 to 64 Years",0,"Male",2017,"2017",0,"Income In The Past 12 Months Below Poverty Level",712,173,"Missoula, MT","31000US33540","missoula-mt-metro-area",0.04023735518508053
2,"6 to 11 Years",1,"Female",2017,"2017",0,"Income In The Past 12 Months Below Poverty Level",568,234.00000000000003,"Missoula, MT","31000US33540","missoula-mt-metro-area",0.03209946312517661
9,"45 to 54 Years",1,"Female",2017,"2017",0,"Income In The Past 12 Months Below Poverty Level",1098,244,"Missoula, MT","31000US33540","missoula-mt-metro-area",0.06205142695676745
0,"Under 5 Years",0,"Male",2017,"2017",0,"Income In The Past 12 Months Below Poverty Level",487,200,"Missoula, MT","31000US33540","missoula-mt-metro-area",0.027521898841480645
9,"45 to 54 Years",0,"Male",2017,"2017",0,"Income In The Past 12 Months Below Poverty Level",629,238.99999999999997,"Missoula, MT","31000US33540","missoula-mt-metro-area",0.0355467646227748
3,"12 to 14 Years",1,"Female",2017,"2017",0,"Income In The Past 12 Months Below Poverty Level",165,96,"Missoula, MT","31000US33540","missoula-mt-metro-area",0.009324667985306585
8,"35 to 44 Years",1,"Female",2017,"2017",0,"Income In The Past 12 Months Below Poverty Level",828,189,"Missoula, MT","31000US33540","missoula-mt-metro-area",0.046792879344447584
4,"15 Years",0,"Male",2017,"2017",0,"Income In The Past 12 Months Below Poverty Level",114,67,"Missoula, MT","31000US33540","missoula-mt-metro-area",0.006442497880757276
8,"35 to 44 Years",0,"Male",2017,"2017",0,"Income In The Past 12 Months Below Poverty Level",595,177,"Missoula, MT","31000US33540","missoula-mt-metro-area",0.03362531788640859
4,"15 Years",1,"Female",2017,"2017",0,"Income In The Past 12 Months Below Poverty Level",98,65,"Missoula, MT","31000US33540","missoula-mt-metro-area",0.005538287651879062
7,"25 to 34 Years",1,"Female",2017,"2017",0,"Income In The Past 12 Months Below Poverty Level",1286,293,"Missoula, MT","31000US33540","missoula-mt-metro-area",0.07267589714608647
5,"16 & 17 Years",0,"Male",2017,"2017",0,"Income In The Past 12 Months Below Poverty Level",291,141,"Missoula, MT","31000US33540","missoula-mt-metro-area",0.01644532353772252
7,"25 to 34 Years",0,"Male",2017,"2017",0,"Income In The Past 12 Months Below Poverty Level",1533,334,"Missoula, MT","31000US33540","missoula-mt-metro-area",0.08663464255439389
5,"16 & 17 Years",1,"Female",2017,"2017",0,"Income In The Past 12 Months Below Poverty Level",140,71,"Missoula, MT","31000US33540","missoula-mt-metro-area",0.007911839502684374
6,"18 to 24 Years",1,"Female",2017,"2017",0,"Income In The Past 12 Months Below Poverty Level",3148,386,"Missoula, MT","31000US33540","missoula-mt-metro-area",0.17790336253178865
6,"18 to 24 Years",0,"Male",2017,"2017",0,"Income In The Past 12 Months Below Poverty Level",2847,432,"Missoula, MT","31000US33540","missoula-mt-metro-area",0.16089290760101724
3,"12 to 14 Years",0,"Male",2016,"2016",0,"Income In The Past 12 Months Below Poverty Level",281,132,"Missoula, MT","31000US33540","missoula-mt-metro-area",0.015901759945673704
11,"65 to 74 Years",0,"Male",2016,"2016",0,"Income In The Past 12 Months Below Poverty Level",251,111,"Missoula, MT","31000US33540","missoula-mt-metro-area",0.014204063154320639
1,"5 Years",1,"Female",2016,"2016",0,"Income In The Past 12 Months Below Poverty Level",87,57.99999999999999,"Missoula, MT","31000US33540","missoula-mt-metro-area",0.004923320694923887
9,"45 to 54 Years",0,"Male",2016,"2016",0,"Income In The Past 12 Months Below Poverty Level",602,223,"Missoula, MT","31000US33540","missoula-mt-metro-area",0.03406711561315149
3,"12 to 14 Years",1,"Female",2016,"2016",0,"Income In The Past 12 Months Below Poverty Level",157,93,"Missoula, MT","31000US33540","missoula-mt-metro-area",0.008884613208081036
12,"75 Years & Over",1,"Female",2016,"2016",0,"Income In The Past 12 Months Below Poverty Level",351,126.00000000000001,"Missoula, MT","31000US33540","missoula-mt-metro-area",0.019863052458830854
0,"Under 5 Years",0,"Male",2016,"2016",0,"Income In The Past 12 Months Below Poverty Level",535,190,"Missoula, MT","31000US33540","missoula-mt-metro-area",0.030275592779129647
8,"35 to 44 Years",1,"Female",2016,"2016",0,"Income In The Past 12 Months Below Poverty Level",829,196,"Missoula, MT","31000US33540","missoula-mt-metro-area",0.046913021334389675
4,"15 Years",0,"Male",2016,"2016",0,"Income In The Past 12 Months Below Poverty Level",140,73,"Missoula, MT","31000US33540","missoula-mt-metro-area",0.0079225850263143
10,"55 to 64 Years",1,"Female",2016,"2016",0,"Income In The Past 12 Months Below Poverty Level",772,192,"Missoula, MT","31000US33540","missoula-mt-metro-area",0.043687397430818856
2,"6 to 11 Years",0,"Male",2016,"2016",0,"Income In The Past 12 Months Below Poverty Level",562,165,"Missoula, MT","31000US33540","missoula-mt-metro-area",0.03180351989134741
8,"35 to 44 Years",0,"Male",2016,"2016",0,"Income In The Past 12 Months Below Poverty Level",562,189,"Missoula, MT","31000US33540","missoula-mt-metro-area",0.03180351989134741
4,"15 Years",1,"Female",2016,"2016",0,"Income In The Past 12 Months Below Poverty Level",49,40,"Missoula, MT","31000US33540","missoula-mt-metro-area",0.0027729047592100053
11,"65 to 74 Years",1,"Female",2016,"2016",0,"Income In The Past 12 Months Below Poverty Level",387,132,"Missoula, MT","31000US33540","missoula-mt-metro-area",0.02190028860845453
1,"5 Years",0,"Male",2016,"2016",0,"Income In The Past 12 Months Below Poverty Level",156,103,"Missoula, MT","31000US33540","missoula-mt-metro-area",0.008828023315035934
7,"25 to 34 Years",1,"Female",2016,"2016",0,"Income In The Past 12 Months Below Poverty Level",1331,302,"Missoula, MT","31000US33540","missoula-mt-metro-area",0.07532114764303095
5,"16 & 17 Years",0,"Male",2016,"2016",0,"Income In The Past 12 Months Below Poverty Level",257,121,"Missoula, MT","31000US33540","missoula-mt-metro-area",0.014543602512591252
10,"55 to 64 Years",0,"Male",2016,"2016",0,"Income In The Past 12 Months Below Poverty Level",715,166,"Missoula, MT","31000US33540","missoula-mt-metro-area",0.040461773527248036
2,"6 to 11 Years",1,"Female",2016,"2016",0,"Income In The Past 12 Months Below Poverty Level",548,222,"Missoula, MT","31000US33540","missoula-mt-metro-area",0.031011261388715974
7,"25 to 34 Years",0,"Male",2016,"2016",0,"Income In The Past 12 Months Below Poverty Level",1673,372,"Missoula, MT","31000US33540","missoula-mt-metro-area",0.09467489106445588
5,"16 & 17 Years",1,"Female",2016,"2016",0,"Income In The Past 12 Months Below Poverty Level",131,68,"Missoula, MT","31000US33540","missoula-mt-metro-area",0.007413275988908381
12,"75 Years & Over",0,"Male",2016,"2016",0,"Income In The Past 12 Months Below Poverty Level",152,81,"Missoula, MT","31000US33540","missoula-mt-metro-area",0.008601663742855526
0,"Under 5 Years",1,"Female",2016,"2016",0,"Income In The Past 12 Months Below Poverty Level",255,121,"Missoula, MT","31000US33540","missoula-mt-metro-area",0.014430422726501047
6,"18 to 24 Years",1,"Female",2016,"2016",0,"Income In The Past 12 Months Below Poverty Level",3276,348,"Missoula, MT","31000US33540","missoula-mt-metro-area",0.18538848961575463
6,"18 to 24 Years",0,"Male",2016,"2016",0,"Income In The Past 12 Months Below Poverty Level",2492,432,"Missoula, MT","31000US33540","missoula-mt-metro-area",0.14102201346839455
9,"45 to 54 Years",1,"Female",2016,"2016",0,"Income In The Past 12 Months Below Poverty Level",1120,218,"Missoula, MT","31000US33540","missoula-mt-metro-area",0.0633806802105144
9,"45 to 54 Years",1,"Female",2015,"2015",0,"Income In The Past 12 Months Below Poverty Level",950,192,"Missoula, MT","31000US33540","missoula-mt-metro-area",0.05455380728149765
0,"Under 5 Years",0,"Male",2015,"2015",0,"Income In The Past 12 Months Below Poverty Level",573,198,"Missoula, MT","31000US33540","missoula-mt-metro-area",0.03290455954978753
6,"18 to 24 Years",1,"Female",2015,"2015",0,"Income In The Past 12 Months Below Poverty Level",3526,449.00000000000006,"Missoula, MT","31000US33540","missoula-mt-metro-area",0.20248076260480075
6,"18 to 24 Years",0,"Male",2015,"2015",0,"Income In The Past 12 Months Below Poverty Level",2770,430.00000000000006,"Missoula, MT","31000US33540","missoula-mt-metro-area",0.15906741702078786
12,"75 Years & Over",1,"Female",2015,"2015",0,"Income In The Past 12 Months Below Poverty Level",301,117.00000000000001,"Missoula, MT","31000US33540","missoula-mt-metro-area",0.017284943149190306
0,"Under 5 Years",1,"Female",2015,"2015",0,"Income In The Past 12 Months Below Poverty Level",374,135,"Missoula, MT","31000US33540","missoula-mt-metro-area",0.021476972550821177
7,"25 to 34 Years",0,"Male",2015,"2015",0,"Income In The Past 12 Months Below Poverty Level",1471,339,"Missoula, MT","31000US33540","missoula-mt-metro-area",0.08447226369587688
5,"16 & 17 Years",1,"Female",2015,"2015",0,"Income In The Past 12 Months Below Poverty Level",142,87,"Missoula, MT","31000US33540","missoula-mt-metro-area",0.00815435856207649
12,"75 Years & Over",0,"Male",2015,"2015",0,"Income In The Past 12 Months Below Poverty Level",155,74,"Missoula, MT","31000US33540","missoula-mt-metro-area",0.008900884345928563
1,"5 Years",0,"Male",2015,"2015",0,"Income In The Past 12 Months Below Poverty Level",99,94,"Missoula, MT","31000US33540","missoula-mt-metro-area",0.005685080969335018
7,"25 to 34 Years",1,"Female",2015,"2015",0,"Income In The Past 12 Months Below Poverty Level",1235,301,"Missoula, MT","31000US33540","missoula-mt-metro-area",0.07091994946594694
5,"16 & 17 Years",0,"Male",2015,"2015",0,"Income In The Past 12 Months Below Poverty Level",223,133,"Missoula, MT","31000US33540","missoula-mt-metro-area",0.012805788446077868
11,"65 to 74 Years",1,"Female",2015,"2015",0,"Income In The Past 12 Months Below Poverty Level",366,109,"Missoula, MT","31000US33540","missoula-mt-metro-area",0.02101757206845067
1,"5 Years",1,"Female",2015,"2015",0,"Income In The Past 12 Months Below Poverty Level",93,54,"Missoula, MT","31000US33540","missoula-mt-metro-area",0.005340530607557138
8,"35 to 44 Years",0,"Male",2015,"2015",0,"Income In The Past 12 Months Below Poverty Level",561,179,"Missoula, MT","31000US33540","missoula-mt-metro-area",0.032215458826231766
4,"15 Years",1,"Female",2015,"2015",0,"Income In The Past 12 Months Below Poverty Level",30,34,"Missoula, MT","31000US33540","missoula-mt-metro-area",0.0017227518088893993
11,"65 to 74 Years",0,"Male",2015,"2015",0,"Income In The Past 12 Months Below Poverty Level",157,80,"Missoula, MT","31000US33540","missoula-mt-metro-area",0.00901573446652119
2,"6 to 11 Years",0,"Male",2015,"2015",0,"Income In The Past 12 Months Below Poverty Level",510,173,"Missoula, MT","31000US33540","missoula-mt-metro-area",0.02928678075111979
8,"35 to 44 Years",1,"Female",2015,"2015",0,"Income In The Past 12 Months Below Poverty Level",904,175,"Missoula, MT","31000US33540","missoula-mt-metro-area",0.05191225450786723
4,"15 Years",0,"Male",2015,"2015",0,"Income In The Past 12 Months Below Poverty Level",158,92,"Missoula, MT","31000US33540","missoula-mt-metro-area",0.009073159526817504
10,"55 to 64 Years",1,"Female",2015,"2015",0,"Income In The Past 12 Months Below Poverty Level",682,153,"Missoula, MT","31000US33540","missoula-mt-metro-area",0.03916389112208568
2,"6 to 11 Years",1,"Female",2015,"2015",0,"Income In The Past 12 Months Below Poverty Level",430,200,"Missoula, MT","31000US33540","missoula-mt-metro-area",0.024692775927414725
9,"45 to 54 Years",0,"Male",2015,"2015",0,"Income In The Past 12 Months Below Poverty Level",709,223,"Missoula, MT","31000US33540","missoula-mt-metro-area",0.04071436775008614
3,"12 to 14 Years",1,"Female",2015,"2015",0,"Income In The Past 12 Months Below Poverty Level",102,68,"Missoula, MT","31000US33540","missoula-mt-metro-area",0.005857356150223958
10,"55 to 64 Years",0,"Male",2015,"2015",0,"Income In The Past 12 Months Below Poverty Level",640,182,"Missoula, MT","31000US33540","missoula-mt-metro-area",0.03675203858964052
3,"12 to 14 Years",0,"Male",2015,"2015",0,"Income In The Past 12 Months Below Poverty Level",253,125,"Missoula, MT","31000US33540","missoula-mt-metro-area",0.014528540254967267
8,"35 to 44 Years",0,"Male",2014,"2014",0,"Income In The Past 12 Months Below Poverty Level",465,151,"Missoula, MT","31000US33540","missoula-mt-metro-area",0.02688016648361177
6,"18 to 24 Years",1,"Female",2014,"2014",0,"Income In The Past 12 Months Below Poverty Level",3586,556,"Missoula, MT","31000US33540","missoula-mt-metro-area",0.2072952193768426
3,"12 to 14 Years",0,"Male",2014,"2014",0,"Income In The Past 12 Months Below Poverty Level",291,156,"Missoula, MT","31000US33540","missoula-mt-metro-area",0.016821781605873172
10,"55 to 64 Years",0,"Male",2014,"2014",0,"Income In The Past 12 Months Below Poverty Level",655,181,"Missoula, MT","31000US33540","missoula-mt-metro-area",0.03786346031562518
3,"12 to 14 Years",1,"Female",2014,"2014",0,"Income In The Past 12 Months Below Poverty Level",104,65,"Missoula, MT","31000US33540","missoula-mt-metro-area",0.0060119082027862885
9,"45 to 54 Years",0,"Male",2014,"2014",0,"Income In The Past 12 Months Below Poverty Level",796,224,"Missoula, MT","31000US33540","missoula-mt-metro-area",0.04601422047517197
2,"6 to 11 Years",1,"Female",2014,"2014",0,"Income In The Past 12 Months Below Poverty Level",411,155,"Missoula, MT","31000US33540","missoula-mt-metro-area",0.023758598762934274
10,"55 to 64 Years",1,"Female",2014,"2014",0,"Income In The Past 12 Months Below Poverty Level",624,163,"Missoula, MT","31000US33540","missoula-mt-metro-area",0.03607144921671773
4,"15 Years",0,"Male",2014,"2014",0,"Income In The Past 12 Months Below Poverty Level",154,99,"Missoula, MT","31000US33540","missoula-mt-metro-area",0.008902248684895081
8,"35 to 44 Years",1,"Female",2014,"2014",0,"Income In The Past 12 Months Below Poverty Level",816,217,"Missoula, MT","31000US33540","missoula-mt-metro-area",0.047170356668015494
2,"6 to 11 Years",0,"Male",2014,"2014",0,"Income In The Past 12 Months Below Poverty Level",464,158,"Missoula, MT","31000US33540","missoula-mt-metro-area",0.026822359673969592
11,"65 to 74 Years",0,"Male",2014,"2014",0,"Income In The Past 12 Months Below Poverty Level",137,75,"Missoula, MT","31000US33540","missoula-mt-metro-area",0.00791953292097809
4,"15 Years",1,"Female",2014,"2014",0,"Income In The Past 12 Months Below Poverty Level",7,13,"Missoula, MT","31000US33540","missoula-mt-metro-area",0.0004046476674952309
9,"45 to 54 Years",1,"Female",2014,"2014",0,"Income In The Past 12 Months Below Poverty Level",874,192,"Missoula, MT","31000US33540","missoula-mt-metro-area",0.05052315162726169
1,"5 Years",1,"Female",2014,"2014",0,"Income In The Past 12 Months Below Poverty Level",136,92,"Missoula, MT","31000US33540","missoula-mt-metro-area",0.007861726111335916
11,"65 to 74 Years",1,"Female",2014,"2014",0,"Income In The Past 12 Months Below Poverty Level",358,131,"Missoula, MT","31000US33540","missoula-mt-metro-area",0.020694837851898955
5,"16 & 17 Years",0,"Male",2014,"2014",0,"Income In The Past 12 Months Below Poverty Level",219,117.00000000000001,"Missoula, MT","31000US33540","missoula-mt-metro-area",0.01265969131163651
7,"25 to 34 Years",1,"Female",2014,"2014",0,"Income In The Past 12 Months Below Poverty Level",1176,219,"Missoula, MT","31000US33540","missoula-mt-metro-area",0.0679808081391988
1,"5 Years",0,"Male",2014,"2014",0,"Income In The Past 12 Months Below Poverty Level",110,103,"Missoula, MT","31000US33540","missoula-mt-metro-area",0.006358749060639344
12,"75 Years & Over",0,"Male",2014,"2014",0,"Income In The Past 12 Months Below Poverty Level",136,69,"Missoula, MT","31000US33540","missoula-mt-metro-area",0.007861726111335916
5,"16 & 17 Years",1,"Female",2014,"2014",0,"Income In The Past 12 Months Below Poverty Level",170,100,"Missoula, MT","31000US33540","missoula-mt-metro-area",0.009827157639169894
7,"25 to 34 Years",0,"Male",2014,"2014",0,"Income In The Past 12 Months Below Poverty Level",1387,282,"Missoula, MT","31000US33540","missoula-mt-metro-area",0.0801780449736979
0,"Under 5 Years",1,"Female",2014,"2014",0,"Income In The Past 12 Months Below Poverty Level",443,138,"Missoula, MT","31000US33540","missoula-mt-metro-area",0.0256084166714839
12,"75 Years & Over",1,"Female",2014,"2014",0,"Income In The Past 12 Months Below Poverty Level",353,134,"Missoula, MT","31000US33540","missoula-mt-metro-area",0.020405803803688075
6,"18 to 24 Years",0,"Male",2014,"2014",0,"Income In The Past 12 Months Below Poverty Level",2917,389,"Missoula, MT","31000US33540","missoula-mt-metro-area",0.16862246372622694
0,"Under 5 Years",0,"Male",2014,"2014",0,"Income In The Past 12 Months Below Poverty Level",510,201,"Missoula, MT","31000US33540","missoula-mt-metro-area",0.02948147291750968
5,"16 & 17 Years",1,"Female",2013,"2013",0,"Income In The Past 12 Months Below Poverty Level",193,106.99999999999999,"Missoula, MT","31000US33540","missoula-mt-metro-area",0.010819598609709609
10,"55 to 64 Years",1,"Female",2013,"2013",0,"Income In The Past 12 Months Below Poverty Level",699,191,"Missoula, MT","31000US33540","missoula-mt-metro-area",0.03918600739993273
8,"35 to 44 Years",1,"Female",2013,"2013",0,"Income In The Past 12 Months Below Poverty Level",784,212,"Missoula, MT","31000US33540","missoula-mt-metro-area",0.04395111559591883
3,"12 to 14 Years",1,"Female",2013,"2013",0,"Income In The Past 12 Months Below Poverty Level",174,93,"Missoula, MT","31000US33540","missoula-mt-metro-area",0.009754456777665657
7,"25 to 34 Years",0,"Male",2013,"2013",0,"Income In The Past 12 Months Below Poverty Level",1589,308,"Missoula, MT","31000US33540","missoula-mt-metro-area",0.08907949321672834
4,"15 Years",1,"Female",2013,"2013",0,"Income In The Past 12 Months Below Poverty Level",14,21,"Missoula, MT","31000US33540","missoula-mt-metro-area",0.0007848413499271219
11,"65 to 74 Years",0,"Male",2013,"2013",0,"Income In The Past 12 Months Below Poverty Level",121,66,"Missoula, MT","31000US33540","missoula-mt-metro-area",0.006783271667227268
1,"5 Years",0,"Male",2013,"2013",0,"Income In The Past 12 Months Below Poverty Level",139,109,"Missoula, MT","31000US33540","missoula-mt-metro-area",0.007792353402847853
9,"45 to 54 Years",0,"Male",2013,"2013",0,"Income In The Past 12 Months Below Poverty Level",775,225,"Missoula, MT","31000US33540","missoula-mt-metro-area",0.043446574728108533
0,"Under 5 Years",0,"Male",2013,"2013",0,"Income In The Past 12 Months Below Poverty Level",626,186,"Missoula, MT","31000US33540","missoula-mt-metro-area",0.03509362036102702
6,"18 to 24 Years",0,"Male",2013,"2013",0,"Income In The Past 12 Months Below Poverty Level",2808,485.00000000000006,"Missoula, MT","31000US33540","missoula-mt-metro-area",0.1574167507568113
11,"65 to 74 Years",1,"Female",2013,"2013",0,"Income In The Past 12 Months Below Poverty Level",356,128,"Missoula, MT","31000US33540","missoula-mt-metro-area",0.019957394326718243
7,"25 to 34 Years",1,"Female",2013,"2013",0,"Income In The Past 12 Months Below Poverty Level",1312,258,"Missoula, MT","31000US33540","missoula-mt-metro-area",0.073550846507456
3,"12 to 14 Years",0,"Male",2013,"2013",0,"Income In The Past 12 Months Below Poverty Level",205,138,"Missoula, MT","31000US33540","missoula-mt-metro-area",0.011492319766789999
9,"45 to 54 Years",1,"Female",2013,"2013",0,"Income In The Past 12 Months Below Poverty Level",839,176,"Missoula, MT","31000US33540","missoula-mt-metro-area",0.04703442089920395
1,"5 Years",1,"Female",2013,"2013",0,"Income In The Past 12 Months Below Poverty Level",152,88,"Missoula, MT","31000US33540","missoula-mt-metro-area",0.008521134656351608
12,"75 Years & Over",0,"Male",2013,"2013",0,"Income In The Past 12 Months Below Poverty Level",154,75,"Missoula, MT","31000US33540","missoula-mt-metro-area",0.00863325484919834
5,"16 & 17 Years",0,"Male",2013,"2013",0,"Income In The Past 12 Months Below Poverty Level",211,101,"Missoula, MT","31000US33540","missoula-mt-metro-area",0.011828680345330194
4,"15 Years",0,"Male",2013,"2013",0,"Income In The Past 12 Months Below Poverty Level",125,89,"Missoula, MT","31000US33540","missoula-mt-metro-area",0.007007512052920731
8,"35 to 44 Years",0,"Male",2013,"2013",0,"Income In The Past 12 Months Below Poverty Level",458,146,"Missoula, MT","31000US33540","missoula-mt-metro-area",0.02567552416190156
10,"55 to 64 Years",0,"Male",2013,"2013",0,"Income In The Past 12 Months Below Poverty Level",658,171,"Missoula, MT","31000US33540","missoula-mt-metro-area",0.03688754344657473
12,"75 Years & Over",1,"Female",2013,"2013",0,"Income In The Past 12 Months Below Poverty Level",300,100,"Missoula, MT","31000US33540","missoula-mt-metro-area",0.016818028927009756
2,"6 to 11 Years",1,"Female",2013,"2013",0,"Income In The Past 12 Months Below Poverty Level",427,159,"Missoula, MT","31000US33540","missoula-mt-metro-area",0.02393766117277722
2,"6 to 11 Years",0,"Male",2013,"2013",0,"Income In The Past 12 Months Below Poverty Level",500,161,"Missoula, MT","31000US33540","missoula-mt-metro-area",0.028030048211682923
0,"Under 5 Years",1,"Female",2013,"2013",0,"Income In The Past 12 Months Below Poverty Level",387,130,"Missoula, MT","31000US33540","missoula-mt-metro-area",0.021695257315842584
6,"18 to 24 Years",1,"Female",2013,"2013",0,"Income In The Past 12 Months Below Poverty Level",3832,453,"Missoula, MT","31000US33540","missoula-mt-metro-area",0.21482228949433793