ID Group,Group,ID Year,Year,Commute Means,Commute Means Moe,Geography,ID Geography,Slug Geography,share
8,"Worked At Home",2018,"2018",6555,1443,"Anchorage, AK","16000US0203000","anchorage-ak",0.04378903771001035
0,"Drove Alone",2018,"2018",114872,3397,"Anchorage, AK","16000US0203000","anchorage-ak",0.7673736597748756
7,"Other",2018,"2018",3101,996,"Anchorage, AK","16000US0203000","anchorage-ak",0.02071545475800795
1,"Carpooled",2018,"2018",16914,2588.8397014879074,"Anchorage, AK","16000US0203000","anchorage-ak",0.11298974581649354
6,"Walked",2018,"2018",3342,1189,"Anchorage, AK","16000US0203000","anchorage-ak",0.02232539496977187
2,"Public Transit",2018,"2018",1928,952.652612445901,"Anchorage, AK","16000US0203000","anchorage-ak",0.01287952169411136
5,"Bicycle",2018,"2018",2673,1137,"Anchorage, AK","16000US0203000","anchorage-ak",0.01785630782591269
3,"Taxi",2018,"2018",162,195,"Anchorage, AK","16000US0203000","anchorage-ak",0.0010822004742977386
4,"Motorcycle",2018,"2018",148,179,"Anchorage, AK","16000US0203000","anchorage-ak",0.000988676976518922
8,"Worked At Home",2017,"2017",5500,1129,"Anchorage, AK","16000US0203000","anchorage-ak",0.03598510870774203
2,"Public Transit",2017,"2017",3125,1038.5740223980185,"Anchorage, AK","16000US0203000","anchorage-ak",0.020446084493035244
7,"Other",2017,"2017",2840,916,"Anchorage, AK","16000US0203000","anchorage-ak",0.01858140158727043
1,"Carpooled",2017,"2017",16729,3122.204029207572,"Anchorage, AK","16000US0203000","anchorage-ak",0.10945361519487572
5,"Bicycle",2017,"2017",1685,664,"Anchorage, AK","16000US0203000","anchorage-ak",0.011024528758644604
3,"Taxi",2017,"2017",601,506,"Anchorage, AK","16000US0203000","anchorage-ak",0.003932190969700538
4,"Motorcycle",2017,"2017",0,153,"Anchorage, AK","16000US0203000","anchorage-ak",0
0,"Drove Alone",2017,"2017",117238,4474,"Anchorage, AK","16000US0203000","anchorage-ak",0.7670585772142292
6,"Walked",2017,"2017",5123,1162,"Anchorage, AK","16000US0203000","anchorage-ak",0.03351849307450226
6,"Walked",2016,"2016",4019,1081,"Anchorage, AK","16000US0203000","anchorage-ak",0.025398771455294622
7,"Other",2016,"2016",2524,944,"Anchorage, AK","16000US0203000","anchorage-ak",0.015950858211784928
0,"Drove Alone",2016,"2016",120738,4102,"Anchorage, AK","16000US0203000","anchorage-ak",0.7630248489597816
3,"Taxi",2016,"2016",117,145,"Anchorage, AK","16000US0203000","anchorage-ak",0.0007394019060138022
1,"Carpooled",2016,"2016",18923,2709.6357688811236,"Anchorage, AK","16000US0203000","anchorage-ak",0.11958719886751434
2,"Public Transit",2016,"2016",2488,1177.5381097866857,"Anchorage, AK","16000US0203000","anchorage-ak",0.01572334993301145
5,"Bicycle",2016,"2016",2441,892,"Anchorage, AK","16000US0203000","anchorage-ak",0.015426325235723855
8,"Worked At Home",2016,"2016",6926,1716,"Anchorage, AK","16000US0203000","anchorage-ak",0.043770064966252936
4,"Motorcycle",2016,"2016",60,112,"Anchorage, AK","16000US0203000","anchorage-ak",0.00037918046462246264
2,"Public Transit",2015,"2015",2513,890.3510543600205,"Anchorage, AK","16000US0203000","anchorage-ak",0.01601800033145086
0,"Drove Alone",2015,"2015",117452,3772.9999999999995,"Anchorage, AK","16000US0203000","anchorage-ak",0.7486455133026528
5,"Bicycle",2015,"2015",2173,979.9999999999999,"Anchorage, AK","16000US0203000","anchorage-ak",0.013850821615695473
8,"Worked At Home",2015,"2015",5748,1496,"Anchorage, AK","16000US0203000","anchorage-ak",0.036638068406358755
3,"Taxi",2015,"2015",53,90,"Anchorage, AK","16000US0203000","anchorage-ak",0.00033782491745598713
6,"Walked",2015,"2015",4809,1312,"Anchorage, AK","16000US0203000","anchorage-ak",0.03065283071784608
4,"Motorcycle",2015,"2015",199,267,"Anchorage, AK","16000US0203000","anchorage-ak",0.0012684369542215366
1,"Carpooled",2015,"2015",20107,2387.800452299145,"Anchorage, AK","16000US0203000","anchorage-ak",0.1281631248167459
7,"Other",2015,"2015",3832,1329,"Anchorage, AK","16000US0203000","anchorage-ak",0.024425378937572503
8,"Worked At Home",2014,"2014",5066,1098,"Anchorage, AK","16000US0203000","anchorage-ak",0.031858629689023046
6,"Walked",2014,"2014",6026,1473,"Anchorage, AK","16000US0203000","anchorage-ak",0.037895795994088606
4,"Motorcycle",2014,"2014",256,252.00000000000003,"Anchorage, AK","16000US0203000","anchorage-ak",0.0016099110146841492
1,"Carpooled",2014,"2014",16448,2466.7383322922597,"Anchorage, AK","16000US0203000","anchorage-ak",0.10343678269345659
0,"Drove Alone",2014,"2014",123329,4363,"Anchorage, AK","16000US0203000","anchorage-ak",0.77558092003899
2,"Public Transit",2014,"2014",1981,839.7666342502541,"Anchorage, AK","16000US0203000","anchorage-ak",0.012457944219098828
5,"Bicycle",2014,"2014",2042,731,"Anchorage, AK","16000US0203000","anchorage-ak",0.012841555828066535
7,"Other",2014,"2014",3761,1220,"Anchorage, AK","16000US0203000","anchorage-ak",0.023651856743074552
3,"Taxi",2014,"2014",106,170,"Anchorage, AK","16000US0203000","anchorage-ak",0.0006666037795176556
2,"Public Transit",2013,"2013",3331,974.6378814718829,"Anchorage, AK","16000US0203000","anchorage-ak",0.021031563129415776
7,"Other",2013,"2013",4048,1227,"Anchorage, AK","16000US0203000","anchorage-ak",0.02555862129927201
3,"Taxi",2013,"2013",233,370,"Anchorage, AK","16000US0203000","anchorage-ak",0.0014711360579867535
8,"Worked At Home",2013,"2013",6326,1562,"Anchorage, AK","16000US0203000","anchorage-ak",0.0399416596687734
6,"Walked",2013,"2013",5913,1593,"Anchorage, AK","16000US0203000","anchorage-ak",0.03733402365182693
4,"Motorcycle",2013,"2013",321,333,"Anchorage, AK","16000US0203000","anchorage-ak",0.0020267582601448406
1,"Carpooled",2013,"2013",18543,2990.9097278252984,"Anchorage, AK","16000US0203000","anchorage-ak",0.1170784374388342
5,"Bicycle",2013,"2013",1850,678,"Anchorage, AK","16000US0203000","anchorage-ak",0.011680694022641604
0,"Drove Alone",2013,"2013",117816,4654,"Anchorage, AK","16000US0203000","anchorage-ak",0.7438771064711045