ID Group,Group,ID Subgroup,Subgroup,ID Occupation,Occupation,ID Year,Year,ID State,State,Workforce by Occupation and Gender,Workforce by Occupation and Gender Moe,Geography,ID Geography,Slug Geography
2,"Sales & Office Occupations",6,"Sales & Office Occupations",18,"Office & Administrative Support Occupations",2018,"2018","04000US02","Alaska",18122,2319.203527075621,"Anchorage, AK","16000US0203000","anchorage-ak"
4,"Production, Transportation, & Material Moving Occupations",8,"Production, Transportation, & Material Moving Occupations",24,"Material Moving Occupations",2018,"2018","04000US02","Alaska",4414,1300.2742018512863,"Anchorage, AK","16000US0203000","anchorage-ak"
4,"Production, Transportation, & Material Moving Occupations",8,"Production, Transportation, & Material Moving Occupations",23,"Transportation Occupations",2018,"2018","04000US02","Alaska",7410,1555.7458018583886,"Anchorage, AK","16000US0203000","anchorage-ak"
0,"Management, Business, Science, & Arts Occupations",0,"Management, Business, & Financial Occupations",1,"Business & Financial Operations Occupations",2018,"2018","04000US02","Alaska",9392,1594.7745922229888,"Anchorage, AK","16000US0203000","anchorage-ak"
4,"Production, Transportation, & Material Moving Occupations",8,"Production, Transportation, & Material Moving Occupations",22,"Production Occupations",2018,"2018","04000US02","Alaska",3482,1073.0820099135015,"Anchorage, AK","16000US0203000","anchorage-ak"
0,"Management, Business, Science, & Arts Occupations",1,"Computer, Engineering, & Science Occupations",2,"Computer & Mathematical Occupations",2018,"2018","04000US02","Alaska",3731,960.2884983170422,"Anchorage, AK","16000US0203000","anchorage-ak"
3,"Natural Resources, Construction, & Maintenance Occupations",7,"Natural Resources, Construction, & Maintenance Occupations",21,"Installation, Maintenance, & Repair Occupations",2018,"2018","04000US02","Alaska",5048,1689.7044120200433,"Anchorage, AK","16000US0203000","anchorage-ak"
0,"Management, Business, Science, & Arts Occupations",1,"Computer, Engineering, & Science Occupations",3,"Architecture & Engineering Occupations",2018,"2018","04000US02","Alaska",3187,813.9041712634233,"Anchorage, AK","16000US0203000","anchorage-ak"
3,"Natural Resources, Construction, & Maintenance Occupations",7,"Natural Resources, Construction, & Maintenance Occupations",20,"Construction & Extraction Occupations",2018,"2018","04000US02","Alaska",5521,1159.973275554226,"Anchorage, AK","16000US0203000","anchorage-ak"
0,"Management, Business, Science, & Arts Occupations",1,"Computer, Engineering, & Science Occupations",4,"Life, Physical, & Social Science Occupations",2018,"2018","04000US02","Alaska",2184,703.6163727486733,"Anchorage, AK","16000US0203000","anchorage-ak"
3,"Natural Resources, Construction, & Maintenance Occupations",7,"Natural Resources, Construction, & Maintenance Occupations",19,"Farming, Fishing, & Forestry Occupations",2018,"2018","04000US02","Alaska",832,642.0420546973539,"Anchorage, AK","16000US0203000","anchorage-ak"
0,"Management, Business, Science, & Arts Occupations",2,"Education, Legal, Community Service, Arts, & Media Occupations",5,"Community & Social Service Occupations",2018,"2018","04000US02","Alaska",3494,1121.7615611171566,"Anchorage, AK","16000US0203000","anchorage-ak"
0,"Management, Business, Science, & Arts Occupations",0,"Management, Business, & Financial Occupations",0,"Management Occupations",2018,"2018","04000US02","Alaska",14707,2095.7588124591057,"Anchorage, AK","16000US0203000","anchorage-ak"
0,"Management, Business, Science, & Arts Occupations",2,"Education, Legal, Community Service, Arts, & Media Occupations",6,"Legal Occupations",2018,"2018","04000US02","Alaska",1832,662.4628291459076,"Anchorage, AK","16000US0203000","anchorage-ak"
2,"Sales & Office Occupations",6,"Sales & Office Occupations",17,"Sales & Related Occupations",2018,"2018","04000US02","Alaska",13767,2115.425725474662,"Anchorage, AK","16000US0203000","anchorage-ak"
0,"Management, Business, Science, & Arts Occupations",2,"Education, Legal, Community Service, Arts, & Media Occupations",7,"Education Instruction, & Library Occupations",2018,"2018","04000US02","Alaska",7985,1467.6852523616908,"Anchorage, AK","16000US0203000","anchorage-ak"
1,"Service Occupations",5,"Protective Service Occupations",13,"Law Enforcement Workers Including Supervisors",2018,"2018","04000US02","Alaska",1077,514.4171459039833,"Anchorage, AK","16000US0203000","anchorage-ak"
0,"Management, Business, Science, & Arts Occupations",2,"Education, Legal, Community Service, Arts, & Media Occupations",8,"Arts, Design, Entertainment, Sports, & Media Occupations",2018,"2018","04000US02","Alaska",3305,931.259899276244,"Anchorage, AK","16000US0203000","anchorage-ak"
1,"Service Occupations",5,"Protective Service Occupations",12,"Fire Fighting & Prevention, & Other Protective Service Workers Including Supervisors",2018,"2018","04000US02","Alaska",1299,513.1013545100033,"Anchorage, AK","16000US0203000","anchorage-ak"
0,"Management, Business, Science, & Arts Occupations",3,"Healthcare Practitioners & Technical Occupations",9,"Health Diagnosing & Treating Practitioners & Other Technical Occupations",2018,"2018","04000US02","Alaska",7656,1466.9185389789034,"Anchorage, AK","16000US0203000","anchorage-ak"
1,"Service Occupations",4,"Service Occupations",16,"Personal Care & Service Occupations",2018,"2018","04000US02","Alaska",5084,1412.9041014874294,"Anchorage, AK","16000US0203000","anchorage-ak"
0,"Management, Business, Science, & Arts Occupations",3,"Healthcare Practitioners & Technical Occupations",10,"Health Technologists & Technicians",2018,"2018","04000US02","Alaska",2457,702.407289256027,"Anchorage, AK","16000US0203000","anchorage-ak"
1,"Service Occupations",4,"Service Occupations",15,"Building & Grounds Cleaning & Maintenance Occupations",2018,"2018","04000US02","Alaska",4469,1362.5483477660528,"Anchorage, AK","16000US0203000","anchorage-ak"
1,"Service Occupations",4,"Service Occupations",11,"Healthcare Support Occupations",2018,"2018","04000US02","Alaska",4711,1287.64630236723,"Anchorage, AK","16000US0203000","anchorage-ak"
1,"Service Occupations",4,"Service Occupations",14,"Food Preparation & Serving Related Occupations",2018,"2018","04000US02","Alaska",9462,1738.251132604262,"Anchorage, AK","16000US0203000","anchorage-ak"
4,"Production, Transportation, & Material Moving Occupations",8,"Production, Transportation, & Material Moving Occupations",24,"Material Moving Occupations",2017,"2017","04000US02","Alaska",3610,1250.4503188851606,"Anchorage, AK","16000US0203000","anchorage-ak"
0,"Management, Business, Science, & Arts Occupations",2,"Education, Legal, Community Service, Arts, & Media Occupations",6,"Legal Occupations",2017,"2017","04000US02","Alaska",1899,697.8803622398326,"Anchorage, AK","16000US0203000","anchorage-ak"
3,"Natural Resources, Construction, & Maintenance Occupations",7,"Natural Resources, Construction, & Maintenance Occupations",21,"Installation, Maintenance, & Repair Occupations",2017,"2017","04000US02","Alaska",4025,1070.3242499355042,"Anchorage, AK","16000US0203000","anchorage-ak"
0,"Management, Business, Science, & Arts Occupations",1,"Computer, Engineering, & Science Occupations",3,"Architecture & Engineering Occupations",2017,"2017","04000US02","Alaska",3390,1039.4618800129228,"Anchorage, AK","16000US0203000","anchorage-ak"
2,"Sales & Office Occupations",6,"Sales & Office Occupations",17,"Sales & Related Occupations",2017,"2017","04000US02","Alaska",14071,2133.9657916658366,"Anchorage, AK","16000US0203000","anchorage-ak"
0,"Management, Business, Science, & Arts Occupations",2,"Education, Legal, Community Service, Arts, & Media Occupations",7,"Education Instruction, & Library Occupations",2017,"2017","04000US02","Alaska",8069,1501.3330743042995,"Anchorage, AK","16000US0203000","anchorage-ak"
1,"Service Occupations",4,"Service Occupations",14,"Food Preparation & Serving Related Occupations",2017,"2017","04000US02","Alaska",9010,1899.3414648240584,"Anchorage, AK","16000US0203000","anchorage-ak"
0,"Management, Business, Science, & Arts Occupations",0,"Management, Business, & Financial Occupations",0,"Management Occupations",2017,"2017","04000US02","Alaska",16337,2200.372922938291,"Anchorage, AK","16000US0203000","anchorage-ak"
1,"Service Occupations",5,"Protective Service Occupations",13,"Law Enforcement Workers Including Supervisors",2017,"2017","04000US02","Alaska",1512,716.8688861988641,"Anchorage, AK","16000US0203000","anchorage-ak"
0,"Management, Business, Science, & Arts Occupations",2,"Education, Legal, Community Service, Arts, & Media Occupations",8,"Arts, Design, Entertainment, Sports, & Media Occupations",2017,"2017","04000US02","Alaska",1673,649.7237874666433,"Anchorage, AK","16000US0203000","anchorage-ak"
3,"Natural Resources, Construction, & Maintenance Occupations",7,"Natural Resources, Construction, & Maintenance Occupations",20,"Construction & Extraction Occupations",2017,"2017","04000US02","Alaska",6285,1208.316597585252,"Anchorage, AK","16000US0203000","anchorage-ak"
0,"Management, Business, Science, & Arts Occupations",1,"Computer, Engineering, & Science Occupations",4,"Life, Physical, & Social Science Occupations",2017,"2017","04000US02","Alaska",2113,628.0835931625662,"Anchorage, AK","16000US0203000","anchorage-ak"
1,"Service Occupations",5,"Protective Service Occupations",12,"Fire Fighting & Prevention, & Other Protective Service Workers Including Supervisors",2017,"2017","04000US02","Alaska",2015,790.8482787488381,"Anchorage, AK","16000US0203000","anchorage-ak"
0,"Management, Business, Science, & Arts Occupations",3,"Healthcare Practitioners & Technical Occupations",9,"Health Diagnosing & Treating Practitioners & Other Technical Occupations",2017,"2017","04000US02","Alaska",8317,1499.1160728909551,"Anchorage, AK","16000US0203000","anchorage-ak"
4,"Production, Transportation, & Material Moving Occupations",8,"Production, Transportation, & Material Moving Occupations",22,"Production Occupations",2017,"2017","04000US02","Alaska",4429,1222.294972582314,"Anchorage, AK","16000US0203000","anchorage-ak"
0,"Management, Business, Science, & Arts Occupations",1,"Computer, Engineering, & Science Occupations",2,"Computer & Mathematical Occupations",2017,"2017","04000US02","Alaska",3270,968.0005165287878,"Anchorage, AK","16000US0203000","anchorage-ak"
1,"Service Occupations",4,"Service Occupations",16,"Personal Care & Service Occupations",2017,"2017","04000US02","Alaska",6455,1555.6686665225343,"Anchorage, AK","16000US0203000","anchorage-ak"
0,"Management, Business, Science, & Arts Occupations",3,"Healthcare Practitioners & Technical Occupations",10,"Health Technologists & Technicians",2017,"2017","04000US02","Alaska",3328,1233.376665905432,"Anchorage, AK","16000US0203000","anchorage-ak"
3,"Natural Resources, Construction, & Maintenance Occupations",7,"Natural Resources, Construction, & Maintenance Occupations",19,"Farming, Fishing, & Forestry Occupations",2017,"2017","04000US02","Alaska",1017,691.1765331664552,"Anchorage, AK","16000US0203000","anchorage-ak"
0,"Management, Business, Science, & Arts Occupations",2,"Education, Legal, Community Service, Arts, & Media Occupations",5,"Community & Social Service Occupations",2017,"2017","04000US02","Alaska",4253,1231.7986848507348,"Anchorage, AK","16000US0203000","anchorage-ak"
1,"Service Occupations",4,"Service Occupations",15,"Building & Grounds Cleaning & Maintenance Occupations",2017,"2017","04000US02","Alaska",5165,1432.9005548187913,"Anchorage, AK","16000US0203000","anchorage-ak"
1,"Service Occupations",4,"Service Occupations",11,"Healthcare Support Occupations",2017,"2017","04000US02","Alaska",3384,1129.9628312471168,"Anchorage, AK","16000US0203000","anchorage-ak"
4,"Production, Transportation, & Material Moving Occupations",8,"Production, Transportation, & Material Moving Occupations",23,"Transportation Occupations",2017,"2017","04000US02","Alaska",5812,1308.0061161936512,"Anchorage, AK","16000US0203000","anchorage-ak"
0,"Management, Business, Science, & Arts Occupations",0,"Management, Business, & Financial Occupations",1,"Business & Financial Operations Occupations",2017,"2017","04000US02","Alaska",7214,1521.7690363521003,"Anchorage, AK","16000US0203000","anchorage-ak"
2,"Sales & Office Occupations",6,"Sales & Office Occupations",18,"Office & Administrative Support Occupations",2017,"2017","04000US02","Alaska",22545,2871.540527312822,"Anchorage, AK","16000US0203000","anchorage-ak"
0,"Management, Business, Science, & Arts Occupations",2,"Education, Legal, Community Service, Arts, & Media Occupations",5,"Community & Social Service Occupations",2016,"2016","04000US02","Alaska",3838,1202.1501570103462,"Anchorage, AK","16000US0203000","anchorage-ak"
0,"Management, Business, Science, & Arts Occupations",2,"Education, Legal, Community Service, Arts, & Media Occupations",8,"Arts, Design, Entertainment, Sports, & Media Occupations",2016,"2016","04000US02","Alaska",3381,1066.4192421369748,"Anchorage, AK","16000US0203000","anchorage-ak"
0,"Management, Business, Science, & Arts Occupations",0,"Management, Business, & Financial Occupations",1,"Business & Financial Operations Occupations",2016,"2016","04000US02","Alaska",7216,1328.084711153622,"Anchorage, AK","16000US0203000","anchorage-ak"
0,"Management, Business, Science, & Arts Occupations",1,"Computer, Engineering, & Science Occupations",2,"Computer & Mathematical Occupations",2016,"2016","04000US02","Alaska",4141,953.5963506641581,"Anchorage, AK","16000US0203000","anchorage-ak"
1,"Service Occupations",5,"Protective Service Occupations",13,"Law Enforcement Workers Including Supervisors",2016,"2016","04000US02","Alaska",1871,765.9144860883622,"Anchorage, AK","16000US0203000","anchorage-ak"
3,"Natural Resources, Construction, & Maintenance Occupations",7,"Natural Resources, Construction, & Maintenance Occupations",19,"Farming, Fishing, & Forestry Occupations",2016,"2016","04000US02","Alaska",392,286.0244744772727,"Anchorage, AK","16000US0203000","anchorage-ak"
3,"Natural Resources, Construction, & Maintenance Occupations",7,"Natural Resources, Construction, & Maintenance Occupations",21,"Installation, Maintenance, & Repair Occupations",2016,"2016","04000US02","Alaska",6261,1585.3233108738418,"Anchorage, AK","16000US0203000","anchorage-ak"
0,"Management, Business, Science, & Arts Occupations",3,"Healthcare Practitioners & Technical Occupations",9,"Health Diagnosing & Treating Practitioners & Other Technical Occupations",2016,"2016","04000US02","Alaska",8504,1295.8896557963567,"Anchorage, AK","16000US0203000","anchorage-ak"
4,"Production, Transportation, & Material Moving Occupations",8,"Production, Transportation, & Material Moving Occupations",24,"Material Moving Occupations",2016,"2016","04000US02","Alaska",4307,1186.2925440210777,"Anchorage, AK","16000US0203000","anchorage-ak"
0,"Management, Business, Science, & Arts Occupations",2,"Education, Legal, Community Service, Arts, & Media Occupations",6,"Legal Occupations",2016,"2016","04000US02","Alaska",1938,665.3968740533728,"Anchorage, AK","16000US0203000","anchorage-ak"
1,"Service Occupations",5,"Protective Service Occupations",12,"Fire Fighting & Prevention, & Other Protective Service Workers Including Supervisors",2016,"2016","04000US02","Alaska",1425,780.733629351266,"Anchorage, AK","16000US0203000","anchorage-ak"
1,"Service Occupations",4,"Service Occupations",14,"Food Preparation & Serving Related Occupations",2016,"2016","04000US02","Alaska",8656,1687.4741479501251,"Anchorage, AK","16000US0203000","anchorage-ak"
0,"Management, Business, Science, & Arts Occupations",1,"Computer, Engineering, & Science Occupations",4,"Life, Physical, & Social Science Occupations",2016,"2016","04000US02","Alaska",1428,540.6459100002514,"Anchorage, AK","16000US0203000","anchorage-ak"
0,"Management, Business, Science, & Arts Occupations",3,"Healthcare Practitioners & Technical Occupations",10,"Health Technologists & Technicians",2016,"2016","04000US02","Alaska",2398,784.6075452097054,"Anchorage, AK","16000US0203000","anchorage-ak"
2,"Sales & Office Occupations",6,"Sales & Office Occupations",18,"Office & Administrative Support Occupations",2016,"2016","04000US02","Alaska",25059,2560.7969462649708,"Anchorage, AK","16000US0203000","anchorage-ak"
4,"Production, Transportation, & Material Moving Occupations",8,"Production, Transportation, & Material Moving Occupations",22,"Production Occupations",2016,"2016","04000US02","Alaska",3713,1073.79001671649,"Anchorage, AK","16000US0203000","anchorage-ak"
1,"Service Occupations",4,"Service Occupations",16,"Personal Care & Service Occupations",2016,"2016","04000US02","Alaska",5136,1219.116073226828,"Anchorage, AK","16000US0203000","anchorage-ak"
4,"Production, Transportation, & Material Moving Occupations",8,"Production, Transportation, & Material Moving Occupations",23,"Transportation Occupations",2016,"2016","04000US02","Alaska",7231,1544.7588808613466,"Anchorage, AK","16000US0203000","anchorage-ak"
0,"Management, Business, Science, & Arts Occupations",2,"Education, Legal, Community Service, Arts, & Media Occupations",7,"Education Instruction, & Library Occupations",2016,"2016","04000US02","Alaska",8060,1411.4577570724532,"Anchorage, AK","16000US0203000","anchorage-ak"
1,"Service Occupations",4,"Service Occupations",11,"Healthcare Support Occupations",2016,"2016","04000US02","Alaska",3765,986.4304334315725,"Anchorage, AK","16000US0203000","anchorage-ak"
3,"Natural Resources, Construction, & Maintenance Occupations",7,"Natural Resources, Construction, & Maintenance Occupations",20,"Construction & Extraction Occupations",2016,"2016","04000US02","Alaska",6063,1524.3864339464583,"Anchorage, AK","16000US0203000","anchorage-ak"
0,"Management, Business, Science, & Arts Occupations",0,"Management, Business, & Financial Occupations",0,"Management Occupations",2016,"2016","04000US02","Alaska",17673,2088.9011465361395,"Anchorage, AK","16000US0203000","anchorage-ak"
1,"Service Occupations",4,"Service Occupations",15,"Building & Grounds Cleaning & Maintenance Occupations",2016,"2016","04000US02","Alaska",3972,1102.7823901386892,"Anchorage, AK","16000US0203000","anchorage-ak"
2,"Sales & Office Occupations",6,"Sales & Office Occupations",17,"Sales & Related Occupations",2016,"2016","04000US02","Alaska",13065,2018.000247770054,"Anchorage, AK","16000US0203000","anchorage-ak"
0,"Management, Business, Science, & Arts Occupations",1,"Computer, Engineering, & Science Occupations",3,"Architecture & Engineering Occupations",2016,"2016","04000US02","Alaska",4324,1050.6802558342858,"Anchorage, AK","16000US0203000","anchorage-ak"
0,"Management, Business, Science, & Arts Occupations",2,"Education, Legal, Community Service, Arts, & Media Occupations",8,"Arts, Design, Entertainment, Sports, & Media Occupations",2015,"2015","04000US02","Alaska",3863,1316.3890002579024,"Anchorage, AK","16000US0203000","anchorage-ak"
0,"Management, Business, Science, & Arts Occupations",2,"Education, Legal, Community Service, Arts, & Media Occupations",6,"Legal Occupations",2015,"2015","04000US02","Alaska",2179,714.2128534267638,"Anchorage, AK","16000US0203000","anchorage-ak"
1,"Service Occupations",4,"Service Occupations",15,"Building & Grounds Cleaning & Maintenance Occupations",2015,"2015","04000US02","Alaska",5453,1414.3850253732187,"Anchorage, AK","16000US0203000","anchorage-ak"
4,"Production, Transportation, & Material Moving Occupations",8,"Production, Transportation, & Material Moving Occupations",24,"Material Moving Occupations",2015,"2015","04000US02","Alaska",3188,941.5545655988293,"Anchorage, AK","16000US0203000","anchorage-ak"
1,"Service Occupations",4,"Service Occupations",11,"Healthcare Support Occupations",2015,"2015","04000US02","Alaska",2703,860.550986287274,"Anchorage, AK","16000US0203000","anchorage-ak"
1,"Service Occupations",4,"Service Occupations",16,"Personal Care & Service Occupations",2015,"2015","04000US02","Alaska",5740,1516.6413551001435,"Anchorage, AK","16000US0203000","anchorage-ak"
0,"Management, Business, Science, & Arts Occupations",3,"Healthcare Practitioners & Technical Occupations",10,"Health Technologists & Technicians",2015,"2015","04000US02","Alaska",3625,1212.202128359788,"Anchorage, AK","16000US0203000","anchorage-ak"
0,"Management, Business, Science, & Arts Occupations",0,"Management, Business, & Financial Occupations",1,"Business & Financial Operations Occupations",2015,"2015","04000US02","Alaska",8089,1438.2381583034153,"Anchorage, AK","16000US0203000","anchorage-ak"
1,"Service Occupations",5,"Protective Service Occupations",12,"Fire Fighting & Prevention, & Other Protective Service Workers Including Supervisors",2015,"2015","04000US02","Alaska",1545,657.0395726286202,"Anchorage, AK","16000US0203000","anchorage-ak"
4,"Production, Transportation, & Material Moving Occupations",8,"Production, Transportation, & Material Moving Occupations",23,"Transportation Occupations",2015,"2015","04000US02","Alaska",5556,1221.391419652193,"Anchorage, AK","16000US0203000","anchorage-ak"
0,"Management, Business, Science, & Arts Occupations",3,"Healthcare Practitioners & Technical Occupations",9,"Health Diagnosing & Treating Practitioners & Other Technical Occupations",2015,"2015","04000US02","Alaska",6619,1236.2786902636478,"Anchorage, AK","16000US0203000","anchorage-ak"
1,"Service Occupations",5,"Protective Service Occupations",13,"Law Enforcement Workers Including Supervisors",2015,"2015","04000US02","Alaska",976,420.02976085034743,"Anchorage, AK","16000US0203000","anchorage-ak"
0,"Management, Business, Science, & Arts Occupations",0,"Management, Business, & Financial Occupations",0,"Management Occupations",2015,"2015","04000US02","Alaska",16071,1915.8770837399775,"Anchorage, AK","16000US0203000","anchorage-ak"
0,"Management, Business, Science, & Arts Occupations",1,"Computer, Engineering, & Science Occupations",2,"Computer & Mathematical Occupations",2015,"2015","04000US02","Alaska",2991,914.278950867841,"Anchorage, AK","16000US0203000","anchorage-ak"
2,"Sales & Office Occupations",6,"Sales & Office Occupations",17,"Sales & Related Occupations",2015,"2015","04000US02","Alaska",14346,2311.343332350259,"Anchorage, AK","16000US0203000","anchorage-ak"
4,"Production, Transportation, & Material Moving Occupations",8,"Production, Transportation, & Material Moving Occupations",22,"Production Occupations",2015,"2015","04000US02","Alaska",4464,1304.5221347298022,"Anchorage, AK","16000US0203000","anchorage-ak"
0,"Management, Business, Science, & Arts Occupations",2,"Education, Legal, Community Service, Arts, & Media Occupations",7,"Education Instruction, & Library Occupations",2015,"2015","04000US02","Alaska",8515,1456.270922596479,"Anchorage, AK","16000US0203000","anchorage-ak"
2,"Sales & Office Occupations",6,"Sales & Office Occupations",18,"Office & Administrative Support Occupations",2015,"2015","04000US02","Alaska",21645,2558.7379701720147,"Anchorage, AK","16000US0203000","anchorage-ak"
1,"Service Occupations",4,"Service Occupations",14,"Food Preparation & Serving Related Occupations",2015,"2015","04000US02","Alaska",10296,1875.7595794770714,"Anchorage, AK","16000US0203000","anchorage-ak"
0,"Management, Business, Science, & Arts Occupations",1,"Computer, Engineering, & Science Occupations",3,"Architecture & Engineering Occupations",2015,"2015","04000US02","Alaska",4409,1113.1621624902637,"Anchorage, AK","16000US0203000","anchorage-ak"
3,"Natural Resources, Construction, & Maintenance Occupations",7,"Natural Resources, Construction, & Maintenance Occupations",19,"Farming, Fishing, & Forestry Occupations",2015,"2015","04000US02","Alaska",454,319.24911902775864,"Anchorage, AK","16000US0203000","anchorage-ak"
3,"Natural Resources, Construction, & Maintenance Occupations",7,"Natural Resources, Construction, & Maintenance Occupations",21,"Installation, Maintenance, & Repair Occupations",2015,"2015","04000US02","Alaska",5566,1341.7887315073115,"Anchorage, AK","16000US0203000","anchorage-ak"
0,"Management, Business, Science, & Arts Occupations",2,"Education, Legal, Community Service, Arts, & Media Occupations",5,"Community & Social Service Occupations",2015,"2015","04000US02","Alaska",2478,840.0672592120229,"Anchorage, AK","16000US0203000","anchorage-ak"
3,"Natural Resources, Construction, & Maintenance Occupations",7,"Natural Resources, Construction, & Maintenance Occupations",20,"Construction & Extraction Occupations",2015,"2015","04000US02","Alaska",6392,1367.4052069522043,"Anchorage, AK","16000US0203000","anchorage-ak"
0,"Management, Business, Science, & Arts Occupations",1,"Computer, Engineering, & Science Occupations",4,"Life, Physical, & Social Science Occupations",2015,"2015","04000US02","Alaska",3362,1007.6293961571387,"Anchorage, AK","16000US0203000","anchorage-ak"
0,"Management, Business, Science, & Arts Occupations",0,"Management, Business, & Financial Occupations",1,"Business & Financial Operations Occupations",2014,"2014","04000US02","Alaska",7144,1277.1566074683246,"Anchorage, AK","16000US0203000","anchorage-ak"
0,"Management, Business, Science, & Arts Occupations",2,"Education, Legal, Community Service, Arts, & Media Occupations",8,"Arts, Design, Entertainment, Sports, & Media Occupations",2014,"2014","04000US02","Alaska",3753,923.0492944583187,"Anchorage, AK","16000US0203000","anchorage-ak"
0,"Management, Business, Science, & Arts Occupations",0,"Management, Business, & Financial Occupations",0,"Management Occupations",2014,"2014","04000US02","Alaska",15870,2112.2618208924764,"Anchorage, AK","16000US0203000","anchorage-ak"
2,"Sales & Office Occupations",6,"Sales & Office Occupations",17,"Sales & Related Occupations",2014,"2014","04000US02","Alaska",11807,1868.6768045866038,"Anchorage, AK","16000US0203000","anchorage-ak"
0,"Management, Business, Science, & Arts Occupations",3,"Healthcare Practitioners & Technical Occupations",10,"Health Technologists & Technicians",2014,"2014","04000US02","Alaska",3096,866.5379391578883,"Anchorage, AK","16000US0203000","anchorage-ak"
1,"Service Occupations",4,"Service Occupations",15,"Building & Grounds Cleaning & Maintenance Occupations",2014,"2014","04000US02","Alaska",4318,1203.5314702989697,"Anchorage, AK","16000US0203000","anchorage-ak"
1,"Service Occupations",5,"Protective Service Occupations",12,"Fire Fighting & Prevention, & Other Protective Service Workers Including Supervisors",2014,"2014","04000US02","Alaska",1776,588.646753155065,"Anchorage, AK","16000US0203000","anchorage-ak"
0,"Management, Business, Science, & Arts Occupations",2,"Education, Legal, Community Service, Arts, & Media Occupations",7,"Education Instruction, & Library Occupations",2014,"2014","04000US02","Alaska",7624,1418.08039264352,"Anchorage, AK","16000US0203000","anchorage-ak"
4,"Production, Transportation, & Material Moving Occupations",8,"Production, Transportation, & Material Moving Occupations",22,"Production Occupations",2014,"2014","04000US02","Alaska",4850,1217.8230577551076,"Anchorage, AK","16000US0203000","anchorage-ak"
2,"Sales & Office Occupations",6,"Sales & Office Occupations",18,"Office & Administrative Support Occupations",2014,"2014","04000US02","Alaska",20697,2539.3172310682253,"Anchorage, AK","16000US0203000","anchorage-ak"
1,"Service Occupations",4,"Service Occupations",11,"Healthcare Support Occupations",2014,"2014","04000US02","Alaska",2549,801.9837903598801,"Anchorage, AK","16000US0203000","anchorage-ak"
0,"Management, Business, Science, & Arts Occupations",1,"Computer, Engineering, & Science Occupations",3,"Architecture & Engineering Occupations",2014,"2014","04000US02","Alaska",3372,760.5918747922568,"Anchorage, AK","16000US0203000","anchorage-ak"
4,"Production, Transportation, & Material Moving Occupations",8,"Production, Transportation, & Material Moving Occupations",24,"Material Moving Occupations",2014,"2014","04000US02","Alaska",4298,1522.3363623063071,"Anchorage, AK","16000US0203000","anchorage-ak"
0,"Management, Business, Science, & Arts Occupations",2,"Education, Legal, Community Service, Arts, & Media Occupations",6,"Legal Occupations",2014,"2014","04000US02","Alaska",1910,607.4742792909013,"Anchorage, AK","16000US0203000","anchorage-ak"
1,"Service Occupations",4,"Service Occupations",16,"Personal Care & Service Occupations",2014,"2014","04000US02","Alaska",8441,1607.1446730148473,"Anchorage, AK","16000US0203000","anchorage-ak"
3,"Natural Resources, Construction, & Maintenance Occupations",7,"Natural Resources, Construction, & Maintenance Occupations",19,"Farming, Fishing, & Forestry Occupations",2014,"2014","04000US02","Alaska",552,362.2002208723788,"Anchorage, AK","16000US0203000","anchorage-ak"
0,"Management, Business, Science, & Arts Occupations",3,"Healthcare Practitioners & Technical Occupations",9,"Health Diagnosing & Treating Practitioners & Other Technical Occupations",2014,"2014","04000US02","Alaska",6780,1139.2212252236172,"Anchorage, AK","16000US0203000","anchorage-ak"
4,"Production, Transportation, & Material Moving Occupations",8,"Production, Transportation, & Material Moving Occupations",23,"Transportation Occupations",2014,"2014","04000US02","Alaska",6799,1803.1087044324315,"Anchorage, AK","16000US0203000","anchorage-ak"
1,"Service Occupations",5,"Protective Service Occupations",13,"Law Enforcement Workers Including Supervisors",2014,"2014","04000US02","Alaska",1441,761.2726187115887,"Anchorage, AK","16000US0203000","anchorage-ak"
0,"Management, Business, Science, & Arts Occupations",2,"Education, Legal, Community Service, Arts, & Media Occupations",5,"Community & Social Service Occupations",2014,"2014","04000US02","Alaska",3713,992.8967720765336,"Anchorage, AK","16000US0203000","anchorage-ak"
3,"Natural Resources, Construction, & Maintenance Occupations",7,"Natural Resources, Construction, & Maintenance Occupations",21,"Installation, Maintenance, & Repair Occupations",2014,"2014","04000US02","Alaska",6960,1572.0165393531965,"Anchorage, AK","16000US0203000","anchorage-ak"
3,"Natural Resources, Construction, & Maintenance Occupations",7,"Natural Resources, Construction, & Maintenance Occupations",20,"Construction & Extraction Occupations",2014,"2014","04000US02","Alaska",8530,2033.6344312584795,"Anchorage, AK","16000US0203000","anchorage-ak"
1,"Service Occupations",4,"Service Occupations",14,"Food Preparation & Serving Related Occupations",2014,"2014","04000US02","Alaska",11246,2029.1370086812767,"Anchorage, AK","16000US0203000","anchorage-ak"
0,"Management, Business, Science, & Arts Occupations",1,"Computer, Engineering, & Science Occupations",4,"Life, Physical, & Social Science Occupations",2014,"2014","04000US02","Alaska",1779,696.7137145198162,"Anchorage, AK","16000US0203000","anchorage-ak"
0,"Management, Business, Science, & Arts Occupations",1,"Computer, Engineering, & Science Occupations",2,"Computer & Mathematical Occupations",2014,"2014","04000US02","Alaska",3832,1252.220827170671,"Anchorage, AK","16000US0203000","anchorage-ak"
0,"Management, Business, Science, & Arts Occupations",3,"Healthcare Practitioners & Technical Occupations",9,"Health Diagnosing & Treating Practitioners & Other Technical Occupations",2013,"2013","04000US02","Alaska",4873,1032.7269726311984,"Anchorage, AK","16000US0203000","anchorage-ak"
0,"Management, Business, Science, & Arts Occupations",2,"Education, Legal, Community Service, Arts, & Media Occupations",5,"Community & Social Service Occupations",2013,"2013","04000US02","Alaska",4051,1125.630934187578,"Anchorage, AK","16000US0203000","anchorage-ak"
3,"Natural Resources, Construction, & Maintenance Occupations",7,"Natural Resources, Construction, & Maintenance Occupations",20,"Construction & Extraction Occupations",2013,"2013","04000US02","Alaska",7513,1457.4954545383666,"Anchorage, AK","16000US0203000","anchorage-ak"
0,"Management, Business, Science, & Arts Occupations",2,"Education, Legal, Community Service, Arts, & Media Occupations",6,"Legal Occupations",2013,"2013","04000US02","Alaska",1843,581.8075283115543,"Anchorage, AK","16000US0203000","anchorage-ak"
0,"Management, Business, Science, & Arts Occupations",1,"Computer, Engineering, & Science Occupations",4,"Life, Physical, & Social Science Occupations",2013,"2013","04000US02","Alaska",3410,884.6841244195581,"Anchorage, AK","16000US0203000","anchorage-ak"
3,"Natural Resources, Construction, & Maintenance Occupations",7,"Natural Resources, Construction, & Maintenance Occupations",19,"Farming, Fishing, & Forestry Occupations",2013,"2013","04000US02","Alaska",304,254.9078264785136,"Anchorage, AK","16000US0203000","anchorage-ak"
0,"Management, Business, Science, & Arts Occupations",2,"Education, Legal, Community Service, Arts, & Media Occupations",7,"Education Instruction, & Library Occupations",2013,"2013","04000US02","Alaska",8245,1358.046022784206,"Anchorage, AK","16000US0203000","anchorage-ak"
4,"Production, Transportation, & Material Moving Occupations",8,"Production, Transportation, & Material Moving Occupations",22,"Production Occupations",2013,"2013","04000US02","Alaska",3033,951.6659077638539,"Anchorage, AK","16000US0203000","anchorage-ak"
2,"Sales & Office Occupations",6,"Sales & Office Occupations",18,"Office & Administrative Support Occupations",2013,"2013","04000US02","Alaska",28745,2901.4529119046547,"Anchorage, AK","16000US0203000","anchorage-ak"
0,"Management, Business, Science, & Arts Occupations",2,"Education, Legal, Community Service, Arts, & Media Occupations",8,"Arts, Design, Entertainment, Sports, & Media Occupations",2013,"2013","04000US02","Alaska",2753,1069.3666349760497,"Anchorage, AK","16000US0203000","anchorage-ak"
0,"Management, Business, Science, & Arts Occupations",1,"Computer, Engineering, & Science Occupations",3,"Architecture & Engineering Occupations",2013,"2013","04000US02","Alaska",5109,1290.5909499140307,"Anchorage, AK","16000US0203000","anchorage-ak"
2,"Sales & Office Occupations",6,"Sales & Office Occupations",17,"Sales & Related Occupations",2013,"2013","04000US02","Alaska",13621,2090.3982874084068,"Anchorage, AK","16000US0203000","anchorage-ak"
3,"Natural Resources, Construction, & Maintenance Occupations",7,"Natural Resources, Construction, & Maintenance Occupations",21,"Installation, Maintenance, & Repair Occupations",2013,"2013","04000US02","Alaska",4985,1371.4827742264938,"Anchorage, AK","16000US0203000","anchorage-ak"
4,"Production, Transportation, & Material Moving Occupations",8,"Production, Transportation, & Material Moving Occupations",23,"Transportation Occupations",2013,"2013","04000US02","Alaska",7345,1698.5643938338048,"Anchorage, AK","16000US0203000","anchorage-ak"
1,"Service Occupations",5,"Protective Service Occupations",13,"Law Enforcement Workers Including Supervisors",2013,"2013","04000US02","Alaska",1364,563.8811931604033,"Anchorage, AK","16000US0203000","anchorage-ak"
0,"Management, Business, Science, & Arts Occupations",3,"Healthcare Practitioners & Technical Occupations",10,"Health Technologists & Technicians",2013,"2013","04000US02","Alaska",2234,975.4281111388988,"Anchorage, AK","16000US0203000","anchorage-ak"
0,"Management, Business, Science, & Arts Occupations",1,"Computer, Engineering, & Science Occupations",2,"Computer & Mathematical Occupations",2013,"2013","04000US02","Alaska",3468,1208.7026102395907,"Anchorage, AK","16000US0203000","anchorage-ak"
1,"Service Occupations",5,"Protective Service Occupations",12,"Fire Fighting & Prevention, & Other Protective Service Workers Including Supervisors",2013,"2013","04000US02","Alaska",1063,564.560005668131,"Anchorage, AK","16000US0203000","anchorage-ak"
1,"Service Occupations",4,"Service Occupations",11,"Healthcare Support Occupations",2013,"2013","04000US02","Alaska",2964,823.1652325019564,"Anchorage, AK","16000US0203000","anchorage-ak"
4,"Production, Transportation, & Material Moving Occupations",8,"Production, Transportation, & Material Moving Occupations",24,"Material Moving Occupations",2013,"2013","04000US02","Alaska",4483,1484.92424049175,"Anchorage, AK","16000US0203000","anchorage-ak"
1,"Service Occupations",4,"Service Occupations",16,"Personal Care & Service Occupations",2013,"2013","04000US02","Alaska",6696,1540.4483113691285,"Anchorage, AK","16000US0203000","anchorage-ak"
1,"Service Occupations",4,"Service Occupations",14,"Food Preparation & Serving Related Occupations",2013,"2013","04000US02","Alaska",8138,1615.1711983563846,"Anchorage, AK","16000US0203000","anchorage-ak"
0,"Management, Business, Science, & Arts Occupations",0,"Management, Business, & Financial Occupations",1,"Business & Financial Operations Occupations",2013,"2013","04000US02","Alaska",7646,1487.5294955058873,"Anchorage, AK","16000US0203000","anchorage-ak"
1,"Service Occupations",4,"Service Occupations",15,"Building & Grounds Cleaning & Maintenance Occupations",2013,"2013","04000US02","Alaska",3316,885.4027332237008,"Anchorage, AK","16000US0203000","anchorage-ak"
0,"Management, Business, Science, & Arts Occupations",0,"Management, Business, & Financial Occupations",0,"Management Occupations",2013,"2013","04000US02","Alaska",16069,1755.089741295299,"Anchorage, AK","16000US0203000","anchorage-ak"