ID Group,Group,ID Industry,Industry,ID Year,Year,ID State,State,Workforce by Industry and Gender,Workforce by Industry and Gender Moe,Geography,ID Geography,Slug Geography
8,"Professional, Scientific, & Management, & Administrative & Waste Management Services",13,"Administrative & Support & Waste Management Services",2018,"2018","04000US02","Alaska",4234,1002.3183127130823,"Anchorage, AK","16000US0203000","anchorage-ak"
12,"Public Administration (Group)",19,"Public Administration",2018,"2018","04000US02","Alaska",15484,2552.404356680187,"Anchorage, AK","16000US0203000","anchorage-ak"
0,"Agriculture, Forestry, Fishing & Hunting, & Mining",0,"Agriculture, Forestry, Fishing & Hunting",2018,"2018","04000US02","Alaska",626,340.35275817892233,"Anchorage, AK","16000US0203000","anchorage-ak"
10,"Arts, Entertainment, & Recreation, & Accommodation & Food Services",17,"Accommodation & Food Services",2018,"2018","04000US02","Alaska",14295,2290.321593139269,"Anchorage, AK","16000US0203000","anchorage-ak"
0,"Agriculture, Forestry, Fishing & Hunting, & Mining",1,"Mining, Quarrying, & Oil & Gas Extraction",2018,"2018","04000US02","Alaska",2869,753.341887857034,"Anchorage, AK","16000US0203000","anchorage-ak"
10,"Arts, Entertainment, & Recreation, & Accommodation & Food Services",16,"Arts, Entertainment, & Recreation",2018,"2018","04000US02","Alaska",2992,937.8155468960833,"Anchorage, AK","16000US0203000","anchorage-ak"
9,"Educational Services, & Health Care & Social Assistance",15,"Health Care & Social Assistance",2018,"2018","04000US02","Alaska",23364,2821.217113233223,"Anchorage, AK","16000US0203000","anchorage-ak"
1,"Construction (Group)",2,"Construction",2018,"2018","04000US02","Alaska",5842,1152.9180369826818,"Anchorage, AK","16000US0203000","anchorage-ak"
9,"Educational Services, & Health Care & Social Assistance",14,"Educational Services",2018,"2018","04000US02","Alaska",11415,1719.1547341644382,"Anchorage, AK","16000US0203000","anchorage-ak"
2,"Manufacturing (Group)",3,"Manufacturing",2018,"2018","04000US02","Alaska",3022,847.1245481037603,"Anchorage, AK","16000US0203000","anchorage-ak"
11,"Other Services, Except Public Administration (Group)",18,"Other Services, Except Public Administration",2018,"2018","04000US02","Alaska",7638,1495.4818621434365,"Anchorage, AK","16000US0203000","anchorage-ak"
8,"Professional, Scientific, & Management, & Administrative & Waste Management Services",12,"Management of Companies & Enterprises",2018,"2018","04000US02","Alaska",712,387.62094886628614,"Anchorage, AK","16000US0203000","anchorage-ak"
3,"Wholesale Trade (Group)",4,"Wholesale Trade",2018,"2018","04000US02","Alaska",2261,903.520337347201,"Anchorage, AK","16000US0203000","anchorage-ak"
8,"Professional, Scientific, & Management, & Administrative & Waste Management Services",11,"Professional, Scientific, & Technical Services",2018,"2018","04000US02","Alaska",10738,1729.1191399091042,"Anchorage, AK","16000US0203000","anchorage-ak"
4,"Retail Trade (Group)",5,"Retail Trade",2018,"2018","04000US02","Alaska",16538,2226.322977467555,"Anchorage, AK","16000US0203000","anchorage-ak"
7,"Finance & Insurance, & Real Estate & Rental & Leasing",10,"Real Estate & Rental & Leasing",2018,"2018","04000US02","Alaska",1591,617.991909332153,"Anchorage, AK","16000US0203000","anchorage-ak"
7,"Finance & Insurance, & Real Estate & Rental & Leasing",9,"Finance & Insurance",2018,"2018","04000US02","Alaska",4312,1173.9544284170488,"Anchorage, AK","16000US0203000","anchorage-ak"
5,"Transportation & Warehousing, & Utilities",6,"Transportation & Warehousing",2018,"2018","04000US02","Alaska",12003,1847.0259879059633,"Anchorage, AK","16000US0203000","anchorage-ak"
6,"Information (Group)",8,"Information",2018,"2018","04000US02","Alaska",3794,968.376992704804,"Anchorage, AK","16000US0203000","anchorage-ak"
5,"Transportation & Warehousing, & Utilities",7,"Utilities",2018,"2018","04000US02","Alaska",898,480.5340778758569,"Anchorage, AK","16000US0203000","anchorage-ak"
11,"Other Services, Except Public Administration (Group)",18,"Other Services, Except Public Administration",2017,"2017","04000US02","Alaska",7473,1444.6210575787686,"Anchorage, AK","16000US0203000","anchorage-ak"
8,"Professional, Scientific, & Management, & Administrative & Waste Management Services",13,"Administrative & Support & Waste Management Services",2017,"2017","04000US02","Alaska",4615,1262.8289670418555,"Anchorage, AK","16000US0203000","anchorage-ak"
10,"Arts, Entertainment, & Recreation, & Accommodation & Food Services",16,"Arts, Entertainment, & Recreation",2017,"2017","04000US02","Alaska",2559,942.6537009952276,"Anchorage, AK","16000US0203000","anchorage-ak"
3,"Wholesale Trade (Group)",4,"Wholesale Trade",2017,"2017","04000US02","Alaska",3343,1161.3186470560092,"Anchorage, AK","16000US0203000","anchorage-ak"
0,"Agriculture, Forestry, Fishing & Hunting, & Mining",0,"Agriculture, Forestry, Fishing & Hunting",2017,"2017","04000US02","Alaska",1130,514.3004958193216,"Anchorage, AK","16000US0203000","anchorage-ak"
8,"Professional, Scientific, & Management, & Administrative & Waste Management Services",12,"Management of Companies & Enterprises",2017,"2017","04000US02","Alaska",827,619.3972876918335,"Anchorage, AK","16000US0203000","anchorage-ak"
1,"Construction (Group)",2,"Construction",2017,"2017","04000US02","Alaska",8817,1553.7683224985633,"Anchorage, AK","16000US0203000","anchorage-ak"
8,"Professional, Scientific, & Management, & Administrative & Waste Management Services",11,"Professional, Scientific, & Technical Services",2017,"2017","04000US02","Alaska",10063,1581.0199239731294,"Anchorage, AK","16000US0203000","anchorage-ak"
4,"Retail Trade (Group)",5,"Retail Trade",2017,"2017","04000US02","Alaska",16722,2647.675584356966,"Anchorage, AK","16000US0203000","anchorage-ak"
10,"Arts, Entertainment, & Recreation, & Accommodation & Food Services",17,"Accommodation & Food Services",2017,"2017","04000US02","Alaska",14134,2366.9231081722955,"Anchorage, AK","16000US0203000","anchorage-ak"
9,"Educational Services, & Health Care & Social Assistance",15,"Health Care & Social Assistance",2017,"2017","04000US02","Alaska",25118,2495.746181004791,"Anchorage, AK","16000US0203000","anchorage-ak"
7,"Finance & Insurance, & Real Estate & Rental & Leasing",10,"Real Estate & Rental & Leasing",2017,"2017","04000US02","Alaska",2251,788.462427766853,"Anchorage, AK","16000US0203000","anchorage-ak"
0,"Agriculture, Forestry, Fishing & Hunting, & Mining",1,"Mining, Quarrying, & Oil & Gas Extraction",2017,"2017","04000US02","Alaska",2860,989.0586433574099,"Anchorage, AK","16000US0203000","anchorage-ak"
5,"Transportation & Warehousing, & Utilities",6,"Transportation & Warehousing",2017,"2017","04000US02","Alaska",11191,1877.2000426166628,"Anchorage, AK","16000US0203000","anchorage-ak"
9,"Educational Services, & Health Care & Social Assistance",14,"Educational Services",2017,"2017","04000US02","Alaska",12227,1853.2835724734628,"Anchorage, AK","16000US0203000","anchorage-ak"
7,"Finance & Insurance, & Real Estate & Rental & Leasing",9,"Finance & Insurance",2017,"2017","04000US02","Alaska",3237,933.9828692219145,"Anchorage, AK","16000US0203000","anchorage-ak"
2,"Manufacturing (Group)",3,"Manufacturing",2017,"2017","04000US02","Alaska",2945,984.4765106390299,"Anchorage, AK","16000US0203000","anchorage-ak"
6,"Information (Group)",8,"Information",2017,"2017","04000US02","Alaska",2942,912.5404100641242,"Anchorage, AK","16000US0203000","anchorage-ak"
5,"Transportation & Warehousing, & Utilities",7,"Utilities",2017,"2017","04000US02","Alaska",1376,594.7100133678598,"Anchorage, AK","16000US0203000","anchorage-ak"
12,"Public Administration (Group)",19,"Public Administration",2017,"2017","04000US02","Alaska",15368,2250.4499550089977,"Anchorage, AK","16000US0203000","anchorage-ak"
6,"Information (Group)",8,"Information",2016,"2016","04000US02","Alaska",3539,987.484177088423,"Anchorage, AK","16000US0203000","anchorage-ak"
12,"Public Administration (Group)",19,"Public Administration",2016,"2016","04000US02","Alaska",17155,2340.1728568633557,"Anchorage, AK","16000US0203000","anchorage-ak"
7,"Finance & Insurance, & Real Estate & Rental & Leasing",9,"Finance & Insurance",2016,"2016","04000US02","Alaska",5421,1248.3753441974095,"Anchorage, AK","16000US0203000","anchorage-ak"
5,"Transportation & Warehousing, & Utilities",6,"Transportation & Warehousing",2016,"2016","04000US02","Alaska",13156,1950.8216217788854,"Anchorage, AK","16000US0203000","anchorage-ak"
7,"Finance & Insurance, & Real Estate & Rental & Leasing",10,"Real Estate & Rental & Leasing",2016,"2016","04000US02","Alaska",1651,552.4137941796891,"Anchorage, AK","16000US0203000","anchorage-ak"
8,"Professional, Scientific, & Management, & Administrative & Waste Management Services",11,"Professional, Scientific, & Technical Services",2016,"2016","04000US02","Alaska",9679,1512.3366027442435,"Anchorage, AK","16000US0203000","anchorage-ak"
4,"Retail Trade (Group)",5,"Retail Trade",2016,"2016","04000US02","Alaska",16909,2470.421016749979,"Anchorage, AK","16000US0203000","anchorage-ak"
8,"Professional, Scientific, & Management, & Administrative & Waste Management Services",12,"Management of Companies & Enterprises",2016,"2016","04000US02","Alaska",698,353.1019682754544,"Anchorage, AK","16000US0203000","anchorage-ak"
3,"Wholesale Trade (Group)",4,"Wholesale Trade",2016,"2016","04000US02","Alaska",4245,1053.668828427604,"Anchorage, AK","16000US0203000","anchorage-ak"
8,"Professional, Scientific, & Management, & Administrative & Waste Management Services",13,"Administrative & Support & Waste Management Services",2016,"2016","04000US02","Alaska",4719,1393.9670010441423,"Anchorage, AK","16000US0203000","anchorage-ak"
5,"Transportation & Warehousing, & Utilities",7,"Utilities",2016,"2016","04000US02","Alaska",1261,518.0936208833303,"Anchorage, AK","16000US0203000","anchorage-ak"
9,"Educational Services, & Health Care & Social Assistance",14,"Educational Services",2016,"2016","04000US02","Alaska",11303,1712.8806146372256,"Anchorage, AK","16000US0203000","anchorage-ak"
2,"Manufacturing (Group)",3,"Manufacturing",2016,"2016","04000US02","Alaska",4166,1165.6843483550767,"Anchorage, AK","16000US0203000","anchorage-ak"
9,"Educational Services, & Health Care & Social Assistance",15,"Health Care & Social Assistance",2016,"2016","04000US02","Alaska",26717,2848.9696383078563,"Anchorage, AK","16000US0203000","anchorage-ak"
1,"Construction (Group)",2,"Construction",2016,"2016","04000US02","Alaska",8123,1759.500497300299,"Anchorage, AK","16000US0203000","anchorage-ak"
10,"Arts, Entertainment, & Recreation, & Accommodation & Food Services",16,"Arts, Entertainment, & Recreation",2016,"2016","04000US02","Alaska",2536,912.3003891263008,"Anchorage, AK","16000US0203000","anchorage-ak"
10,"Arts, Entertainment, & Recreation, & Accommodation & Food Services",17,"Accommodation & Food Services",2016,"2016","04000US02","Alaska",11460,2051.4741041504767,"Anchorage, AK","16000US0203000","anchorage-ak"
0,"Agriculture, Forestry, Fishing & Hunting, & Mining",1,"Mining, Quarrying, & Oil & Gas Extraction",2016,"2016","04000US02","Alaska",3358,864.9190713587024,"Anchorage, AK","16000US0203000","anchorage-ak"
11,"Other Services, Except Public Administration (Group)",18,"Other Services, Except Public Administration",2016,"2016","04000US02","Alaska",7170,1501.6913797448528,"Anchorage, AK","16000US0203000","anchorage-ak"
0,"Agriculture, Forestry, Fishing & Hunting, & Mining",0,"Agriculture, Forestry, Fishing & Hunting",2016,"2016","04000US02","Alaska",551,330.96978714076005,"Anchorage, AK","16000US0203000","anchorage-ak"
5,"Transportation & Warehousing, & Utilities",6,"Transportation & Warehousing",2015,"2015","04000US02","Alaska",9726,1667.961930021186,"Anchorage, AK","16000US0203000","anchorage-ak"
6,"Information (Group)",8,"Information",2015,"2015","04000US02","Alaska",3997,1136.7906579489472,"Anchorage, AK","16000US0203000","anchorage-ak"
9,"Educational Services, & Health Care & Social Assistance",14,"Educational Services",2015,"2015","04000US02","Alaska",11825,1914.714861278305,"Anchorage, AK","16000US0203000","anchorage-ak"
8,"Professional, Scientific, & Management, & Administrative & Waste Management Services",11,"Professional, Scientific, & Technical Services",2015,"2015","04000US02","Alaska",10587,1693.2554444028815,"Anchorage, AK","16000US0203000","anchorage-ak"
3,"Wholesale Trade (Group)",4,"Wholesale Trade",2015,"2015","04000US02","Alaska",4106,924.5458344506235,"Anchorage, AK","16000US0203000","anchorage-ak"
2,"Manufacturing (Group)",3,"Manufacturing",2015,"2015","04000US02","Alaska",2877,993.8822867925559,"Anchorage, AK","16000US0203000","anchorage-ak"
9,"Educational Services, & Health Care & Social Assistance",15,"Health Care & Social Assistance",2015,"2015","04000US02","Alaska",23278,2234.3433039709903,"Anchorage, AK","16000US0203000","anchorage-ak"
5,"Transportation & Warehousing, & Utilities",7,"Utilities",2015,"2015","04000US02","Alaska",1097,523.0831673835434,"Anchorage, AK","16000US0203000","anchorage-ak"
4,"Retail Trade (Group)",5,"Retail Trade",2015,"2015","04000US02","Alaska",17301,2451.4832244989966,"Anchorage, AK","16000US0203000","anchorage-ak"
10,"Arts, Entertainment, & Recreation, & Accommodation & Food Services",16,"Arts, Entertainment, & Recreation",2015,"2015","04000US02","Alaska",2916,901.5680784056188,"Anchorage, AK","16000US0203000","anchorage-ak"
8,"Professional, Scientific, & Management, & Administrative & Waste Management Services",12,"Management of Companies & Enterprises",2015,"2015","04000US02","Alaska",172,190.68560512005092,"Anchorage, AK","16000US0203000","anchorage-ak"
1,"Construction (Group)",2,"Construction",2015,"2015","04000US02","Alaska",9011,1744.5692878186294,"Anchorage, AK","16000US0203000","anchorage-ak"
10,"Arts, Entertainment, & Recreation, & Accommodation & Food Services",17,"Accommodation & Food Services",2015,"2015","04000US02","Alaska",13581,2256.4806668792885,"Anchorage, AK","16000US0203000","anchorage-ak"
0,"Agriculture, Forestry, Fishing & Hunting, & Mining",0,"Agriculture, Forestry, Fishing & Hunting",2015,"2015","04000US02","Alaska",329,235.2381771736892,"Anchorage, AK","16000US0203000","anchorage-ak"
7,"Finance & Insurance, & Real Estate & Rental & Leasing",10,"Real Estate & Rental & Leasing",2015,"2015","04000US02","Alaska",2349,809.4949042458513,"Anchorage, AK","16000US0203000","anchorage-ak"
0,"Agriculture, Forestry, Fishing & Hunting, & Mining",1,"Mining, Quarrying, & Oil & Gas Extraction",2015,"2015","04000US02","Alaska",5115,1104.2182755234583,"Anchorage, AK","16000US0203000","anchorage-ak"
11,"Other Services, Except Public Administration (Group)",18,"Other Services, Except Public Administration",2015,"2015","04000US02","Alaska",7318,1351.2679231003747,"Anchorage, AK","16000US0203000","anchorage-ak"
8,"Professional, Scientific, & Management, & Administrative & Waste Management Services",13,"Administrative & Support & Waste Management Services",2015,"2015","04000US02","Alaska",6689,1623.5233290593642,"Anchorage, AK","16000US0203000","anchorage-ak"
7,"Finance & Insurance, & Real Estate & Rental & Leasing",9,"Finance & Insurance",2015,"2015","04000US02","Alaska",4231,991.2012913631619,"Anchorage, AK","16000US0203000","anchorage-ak"
12,"Public Administration (Group)",19,"Public Administration",2015,"2015","04000US02","Alaska",14020,1733.612701845484,"Anchorage, AK","16000US0203000","anchorage-ak"
3,"Wholesale Trade (Group)",4,"Wholesale Trade",2014,"2014","04000US02","Alaska",2937,1043.3872723011334,"Anchorage, AK","16000US0203000","anchorage-ak"
10,"Arts, Entertainment, & Recreation, & Accommodation & Food Services",16,"Arts, Entertainment, & Recreation",2014,"2014","04000US02","Alaska",2908,821.3068853966829,"Anchorage, AK","16000US0203000","anchorage-ak"
7,"Finance & Insurance, & Real Estate & Rental & Leasing",9,"Finance & Insurance",2014,"2014","04000US02","Alaska",4481,1031.0484954646897,"Anchorage, AK","16000US0203000","anchorage-ak"
8,"Professional, Scientific, & Management, & Administrative & Waste Management Services",12,"Management of Companies & Enterprises",2014,"2014","04000US02","Alaska",183,187.22446421341417,"Anchorage, AK","16000US0203000","anchorage-ak"
9,"Educational Services, & Health Care & Social Assistance",14,"Educational Services",2014,"2014","04000US02","Alaska",9905,1647.3630443833563,"Anchorage, AK","16000US0203000","anchorage-ak"
1,"Construction (Group)",2,"Construction",2014,"2014","04000US02","Alaska",11029,1920.3385118254541,"Anchorage, AK","16000US0203000","anchorage-ak"
10,"Arts, Entertainment, & Recreation, & Accommodation & Food Services",17,"Accommodation & Food Services",2014,"2014","04000US02","Alaska",14155,2292.2779063630137,"Anchorage, AK","16000US0203000","anchorage-ak"
5,"Transportation & Warehousing, & Utilities",6,"Transportation & Warehousing",2014,"2014","04000US02","Alaska",11123,1637.1640113317906,"Anchorage, AK","16000US0203000","anchorage-ak"
8,"Professional, Scientific, & Management, & Administrative & Waste Management Services",11,"Professional, Scientific, & Technical Services",2014,"2014","04000US02","Alaska",10269,1853.6323799502425,"Anchorage, AK","16000US0203000","anchorage-ak"
4,"Retail Trade (Group)",5,"Retail Trade",2014,"2014","04000US02","Alaska",14893,1960.3583856019798,"Anchorage, AK","16000US0203000","anchorage-ak"
7,"Finance & Insurance, & Real Estate & Rental & Leasing",10,"Real Estate & Rental & Leasing",2014,"2014","04000US02","Alaska",3501,1132.1894717758155,"Anchorage, AK","16000US0203000","anchorage-ak"
11,"Other Services, Except Public Administration (Group)",18,"Other Services, Except Public Administration",2014,"2014","04000US02","Alaska",7180,1457.0576515704518,"Anchorage, AK","16000US0203000","anchorage-ak"
9,"Educational Services, & Health Care & Social Assistance",15,"Health Care & Social Assistance",2014,"2014","04000US02","Alaska",23258,2307.321390703948,"Anchorage, AK","16000US0203000","anchorage-ak"
8,"Professional, Scientific, & Management, & Administrative & Waste Management Services",13,"Administrative & Support & Waste Management Services",2014,"2014","04000US02","Alaska",5876,1364.2950560637535,"Anchorage, AK","16000US0203000","anchorage-ak"
0,"Agriculture, Forestry, Fishing & Hunting, & Mining",1,"Mining, Quarrying, & Oil & Gas Extraction",2014,"2014","04000US02","Alaska",3822,866.3394253986136,"Anchorage, AK","16000US0203000","anchorage-ak"
5,"Transportation & Warehousing, & Utilities",7,"Utilities",2014,"2014","04000US02","Alaska",1857,708.3120781124659,"Anchorage, AK","16000US0203000","anchorage-ak"
12,"Public Administration (Group)",19,"Public Administration",2014,"2014","04000US02","Alaska",17426,2650.0311318926047,"Anchorage, AK","16000US0203000","anchorage-ak"
2,"Manufacturing (Group)",3,"Manufacturing",2014,"2014","04000US02","Alaska",2906,888.5685117085794,"Anchorage, AK","16000US0203000","anchorage-ak"
6,"Information (Group)",8,"Information",2014,"2014","04000US02","Alaska",4240,1183.1876436136408,"Anchorage, AK","16000US0203000","anchorage-ak"
0,"Agriculture, Forestry, Fishing & Hunting, & Mining",0,"Agriculture, Forestry, Fishing & Hunting",2014,"2014","04000US02","Alaska",1188,577.6088641979103,"Anchorage, AK","16000US0203000","anchorage-ak"
9,"Educational Services, & Health Care & Social Assistance",14,"Educational Services",2013,"2013","04000US02","Alaska",10659,1511.1085334945335,"Anchorage, AK","16000US0203000","anchorage-ak"
1,"Construction (Group)",2,"Construction",2013,"2013","04000US02","Alaska",9867,1684.7154062333495,"Anchorage, AK","16000US0203000","anchorage-ak"
10,"Arts, Entertainment, & Recreation, & Accommodation & Food Services",17,"Accommodation & Food Services",2013,"2013","04000US02","Alaska",12443,2018.4528728707044,"Anchorage, AK","16000US0203000","anchorage-ak"
8,"Professional, Scientific, & Management, & Administrative & Waste Management Services",12,"Management of Companies & Enterprises",2013,"2013","04000US02","Alaska",139,165.951800231272,"Anchorage, AK","16000US0203000","anchorage-ak"
5,"Transportation & Warehousing, & Utilities",7,"Utilities",2013,"2013","04000US02","Alaska",834,400.23243246893423,"Anchorage, AK","16000US0203000","anchorage-ak"
3,"Wholesale Trade (Group)",4,"Wholesale Trade",2013,"2013","04000US02","Alaska",3931,1084.4745271328413,"Anchorage, AK","16000US0203000","anchorage-ak"
5,"Transportation & Warehousing, & Utilities",6,"Transportation & Warehousing",2013,"2013","04000US02","Alaska",12105,1912.1558513886887,"Anchorage, AK","16000US0203000","anchorage-ak"
9,"Educational Services, & Health Care & Social Assistance",15,"Health Care & Social Assistance",2013,"2013","04000US02","Alaska",21232,2236.5171584407753,"Anchorage, AK","16000US0203000","anchorage-ak"
11,"Other Services, Except Public Administration (Group)",18,"Other Services, Except Public Administration",2013,"2013","04000US02","Alaska",7145,1743.14342496537,"Anchorage, AK","16000US0203000","anchorage-ak"
7,"Finance & Insurance, & Real Estate & Rental & Leasing",9,"Finance & Insurance",2013,"2013","04000US02","Alaska",6128,1380.0568828856294,"Anchorage, AK","16000US0203000","anchorage-ak"
4,"Retail Trade (Group)",5,"Retail Trade",2013,"2013","04000US02","Alaska",16861,2323.0363750918755,"Anchorage, AK","16000US0203000","anchorage-ak"
8,"Professional, Scientific, & Management, & Administrative & Waste Management Services",13,"Administrative & Support & Waste Management Services",2013,"2013","04000US02","Alaska",3571,1010.9322430311538,"Anchorage, AK","16000US0203000","anchorage-ak"
8,"Professional, Scientific, & Management, & Administrative & Waste Management Services",11,"Professional, Scientific, & Technical Services",2013,"2013","04000US02","Alaska",13515,2027.9018713931896,"Anchorage, AK","16000US0203000","anchorage-ak"
0,"Agriculture, Forestry, Fishing & Hunting, & Mining",1,"Mining, Quarrying, & Oil & Gas Extraction",2013,"2013","04000US02","Alaska",6045,1325.1445204203199,"Anchorage, AK","16000US0203000","anchorage-ak"
12,"Public Administration (Group)",19,"Public Administration",2013,"2013","04000US02","Alaska",15446,2019.9309394135237,"Anchorage, AK","16000US0203000","anchorage-ak"
10,"Arts, Entertainment, & Recreation, & Accommodation & Food Services",16,"Arts, Entertainment, & Recreation",2013,"2013","04000US02","Alaska",2887,926.2667002543059,"Anchorage, AK","16000US0203000","anchorage-ak"
0,"Agriculture, Forestry, Fishing & Hunting, & Mining",0,"Agriculture, Forestry, Fishing & Hunting",2013,"2013","04000US02","Alaska",702,378.3596172955037,"Anchorage, AK","16000US0203000","anchorage-ak"
6,"Information (Group)",8,"Information",2013,"2013","04000US02","Alaska",3506,967.7293009927931,"Anchorage, AK","16000US0203000","anchorage-ak"
2,"Manufacturing (Group)",3,"Manufacturing",2013,"2013","04000US02","Alaska",3728,1222.287200292959,"Anchorage, AK","16000US0203000","anchorage-ak"
7,"Finance & Insurance, & Real Estate & Rental & Leasing",10,"Real Estate & Rental & Leasing",2013,"2013","04000US02","Alaska",2527,1018.7178215776929,"Anchorage, AK","16000US0203000","anchorage-ak"