ID Year,Year,Diabetes Prevalence,Geography,ID Geography,Slug Geography
2018,"2018",0.09399999678134918,"Ketchikan Gateway Borough, AK","05000US02130","ketchikan-gateway-borough-ak"
2018,"2018",0.09099999815225601,"Yukon-Koyukuk Census Area, AK","05000US02290","yukon-koyukuk-census-area-ak"
2018,"2018",0.08299999684095383,"Yakutat City and Borough, AK","05000US02282","yakutat-city-and-borough-ak"
2018,"2018",0.09399999678134918,"Wrangell City and Borough, AK","05000US02275","wrangell-city-and-borough-ak"
2018,"2018",0.08500000089406967,"Aleutians East Borough, AK","05000US02013","aleutians-east-borough-ak"
2018,"2018",0.08100000023841858,"Valdez-Cordova Census Area, AK","05000US02261","valdez-cordova-census-area-ak"
2018,"2018",0.0820000022649765,"Southeast Fairbanks Census Area, AK","05000US02240","southeast-fairbanks-census-area-ak"
2018,"2018",0.06400000303983688,"Skagway Municipality, AK","05000US02230","skagway-municipality-ak"
2018,"2018",0.07100000232458115,"Sitka City and Borough, AK","05000US02220","sitka-city-and-borough-ak"
2018,"2018",0.07599999755620956,"Aleutians West Census Area, AK","05000US02016","aleutians-west-census-area-ak"
2018,"2018",0.08500000089406967,"Prince of Wales-Hyder Census Area, AK","05000US02198","prince-of-wales-hyder-census-area-ak"
2018,"2018",0.07199999690055847,"Petersburg Borough, AK","05000US02195","petersburg-census-area-ak"
2018,"2018",0.07400000095367432,"Northwest Arctic Borough, AK","05000US02188","northwest-arctic-borough-ak"
2018,"2018",0.07000000029802322,"North Slope Borough, AK","05000US02185","north-slope-borough-ak"
2018,"2018",0.07100000232458115,"Anchorage Municipality, AK","05000US02020","anchorage-municipality-ak"
2018,"2018",0.07000000029802322,"Nome Census Area, AK","05000US02180","nome-census-area-ak"
2018,"2018",0.07900000363588333,"Matanuska-Susitna Borough, AK","05000US02170","matanuska-susitna-borough-ak"
2018,"2018",0.07199999690055847,"Lake and Peninsula Borough, AK","05000US02164","lake-and-peninsula-borough-ak"
2018,"2018",0.05400000140070915,"Kusilvak Census Area, AK","05000US02158","kusilvak-county-ak"
2018,"2018",0.06499999761581421,"Bethel Census Area, AK","05000US02050","bethel-census-area-ak"
2018,"2018",0.0689999982714653,"Kodiak Island Borough, AK","05000US02150","kodiak-island-borough-ak"
2018,"2018",0.07199999690055847,"Kenai Peninsula Borough, AK","05000US02122","kenai-peninsula-borough-ak"
2018,"2018",0.05999999865889549,"Juneau City and Borough, AK","05000US02110","juneau-city-and-borough-ak"
2018,"2018",0.08399999886751175,"Hoonah-Angoon Census Area, AK","05000US02105","hoonah-angoon-census-area-ak"
2018,"2018",0.09000000357627869,"Bristol Bay Borough, AK","05000US02060","bristol-bay-borough-ak"
2018,"2018",0.08699999749660492,"Haines Borough, AK","05000US02100","haines-borough-ak"
2018,"2018",0.0560000017285347,"Fairbanks North Star Borough, AK","05000US02090","fairbanks-north-star-borough-ak"
2018,"2018",0.09000000357627869,"Dillingham Census Area, AK","05000US02070","dillingham-census-area-ak"
2018,"2018",0.06199999898672104,"Denali Borough, AK","05000US02068","denali-borough-ak"
2017,"2017",0.0820000022649765,"Matanuska-Susitna Borough, AK","05000US02170","matanuska-susitna-borough-ak"
2017,"2017",0.057999998331069946,"Denali Borough, AK","05000US02068","denali-borough-ak"
2017,"2017",0.08299999684095383,"Yukon-Koyukuk Census Area, AK","05000US02290","yukon-koyukuk-census-area-ak"
2017,"2017",0.07900000363588333,"Yakutat City and Borough, AK","05000US02282","yakutat-city-and-borough-ak"
2017,"2017",0.07199999690055847,"Dillingham Census Area, AK","05000US02070","dillingham-census-area-ak"
2017,"2017",0.07599999755620956,"Aleutians East Borough, AK","05000US02013","aleutians-east-borough-ak"
2017,"2017",0.07400000095367432,"Valdez-Cordova Census Area, AK","05000US02261","valdez-cordova-census-area-ak"
2017,"2017",0.0689999982714653,"Southeast Fairbanks Census Area, AK","05000US02240","southeast-fairbanks-census-area-ak"
2017,"2017",0.06199999898672104,"Aleutians West Census Area, AK","05000US02016","aleutians-west-census-area-ak"
2017,"2017",0.054999999701976776,"Fairbanks North Star Borough, AK","05000US02090","fairbanks-north-star-borough-ak"
2017,"2017",0.06700000166893005,"Sitka City and Borough, AK","05000US02220","sitka-city-and-borough-ak"
2017,"2017",0.06499999761581421,"Northwest Arctic Borough, AK","05000US02188","northwest-arctic-borough-ak"
2017,"2017",0.07000000029802322,"Anchorage Municipality, AK","05000US02020","anchorage-municipality-ak"
2017,"2017",0.06499999761581421,"North Slope Borough, AK","05000US02185","north-slope-borough-ak"
2017,"2017",0.07900000363588333,"Haines Borough, AK","05000US02100","haines-borough-ak"
2017,"2017",0.05999999865889549,"Nome Census Area, AK","05000US02180","nome-census-area-ak"
2017,"2017",0.08500000089406967,"Bristol Bay Borough, AK","05000US02060","bristol-bay-borough-ak"
2017,"2017",0.07400000095367432,"Lake and Peninsula Borough, AK","05000US02164","lake-and-peninsula-borough-ak"
2017,"2017",0.057999998331069946,"Bethel Census Area, AK","05000US02050","bethel-census-area-ak"
2017,"2017",0.06599999964237213,"Kodiak Island Borough, AK","05000US02150","kodiak-island-borough-ak"
2017,"2017",0.05900000035762787,"Juneau City and Borough, AK","05000US02110","juneau-city-and-borough-ak"
2017,"2017",0.08900000154972076,"Ketchikan Gateway Borough, AK","05000US02130","ketchikan-gateway-borough-ak"
2017,"2017",0.07199999690055847,"Kenai Peninsula Borough, AK","05000US02122","kenai-peninsula-borough-ak"
2016,"2016",0.07400000095367432,"Denali Borough, AK","05000US02068","denali-borough-ak"
2016,"2016",0.0820000022649765,"Sitka City and Borough, AK","05000US02220","sitka-city-and-borough-ak"
2016,"2016",0.0860000029206276,"Ketchikan Gateway Borough, AK","05000US02130","ketchikan-gateway-borough-ak"
2016,"2016",0.09399999678134918,"Bristol Bay Borough, AK","05000US02060","bristol-bay-borough-ak"
2016,"2016",0.07699999958276749,"Kodiak Island Borough, AK","05000US02150","kodiak-island-borough-ak"
2016,"2016",0.07100000232458115,"Juneau City and Borough, AK","05000US02110","juneau-city-and-borough-ak"
2016,"2016",0.10000000149011612,"Aleutians East Borough, AK","05000US02013","aleutians-east-borough-ak"
2016,"2016",0.12300000339746475,"Dillingham Census Area, AK","05000US02070","dillingham-census-area-ak"
2016,"2016",0.12099999934434891,"Lake and Peninsula Borough, AK","05000US02164","lake-and-peninsula-borough-ak"
2016,"2016",0.10199999809265137,"Yakutat City and Borough, AK","05000US02282","yakutat-city-and-borough-ak"
2016,"2016",0.125,"Bethel Census Area, AK","05000US02050","bethel-census-area-ak"
2016,"2016",0.07400000095367432,"Matanuska-Susitna Borough, AK","05000US02170","matanuska-susitna-borough-ak"
2016,"2016",0.14900000393390656,"Yukon-Koyukuk Census Area, AK","05000US02290","yukon-koyukuk-census-area-ak"
2016,"2016",0.08299999684095383,"Valdez-Cordova Census Area, AK","05000US02261","valdez-cordova-census-area-ak"
2016,"2016",0.125,"Nome Census Area, AK","05000US02180","nome-census-area-ak"
2016,"2016",0.08900000154972076,"North Slope Borough, AK","05000US02185","north-slope-borough-ak"
2016,"2016",0.09700000286102295,"Haines Borough, AK","05000US02100","haines-borough-ak"
2016,"2016",0.07999999821186066,"Kenai Peninsula Borough, AK","05000US02122","kenai-peninsula-borough-ak"
2016,"2016",0.08799999952316284,"Southeast Fairbanks Census Area, AK","05000US02240","southeast-fairbanks-census-area-ak"
2016,"2016",0.11800000071525574,"Northwest Arctic Borough, AK","05000US02188","northwest-arctic-borough-ak"
2016,"2016",0.07100000232458115,"Anchorage Municipality, AK","05000US02020","anchorage-municipality-ak"
2016,"2016",0.08699999749660492,"Aleutians West Census Area, AK","05000US02016","aleutians-west-census-area-ak"
2016,"2016",0.057999998331069946,"Fairbanks North Star Borough, AK","05000US02090","fairbanks-north-star-borough-ak"
2015,"2015",0.0820000022649765,"Haines Borough, AK","05000US02100","haines-borough-ak"
2015,"2015",0.05900000035762787,"Bethel Census Area, AK","05000US02050","bethel-census-area-ak"
2015,"2015",0.07900000363588333,"Dillingham Census Area, AK","05000US02070","dillingham-census-area-ak"
2015,"2015",0.0729999989271164,"Nome Census Area, AK","05000US02180","nome-census-area-ak"
2015,"2015",0.06599999964237213,"Juneau City and Borough, AK","05000US02110","juneau-city-and-borough-ak"
2015,"2015",0.061000000685453415,"Valdez-Cordova Census Area, AK","05000US02261","valdez-cordova-census-area-ak"
2015,"2015",0.06499999761581421,"Aleutians West Census Area, AK","05000US02016","aleutians-west-census-area-ak"
2015,"2015",0.05700000002980232,"Fairbanks North Star Borough, AK","05000US02090","fairbanks-north-star-borough-ak"
2015,"2015",0.07400000095367432,"North Slope Borough, AK","05000US02185","north-slope-borough-ak"
2015,"2015",0.08799999952316284,"Bristol Bay Borough, AK","05000US02060","bristol-bay-borough-ak"
2015,"2015",0.0820000022649765,"Lake and Peninsula Borough, AK","05000US02164","lake-and-peninsula-borough-ak"
2015,"2015",0.07100000232458115,"Aleutians East Borough, AK","05000US02013","aleutians-east-borough-ak"
2015,"2015",0.07800000160932541,"Yukon-Koyukuk Census Area, AK","05000US02290","yukon-koyukuk-census-area-ak"
2015,"2015",0.06800000369548798,"Northwest Arctic Borough, AK","05000US02188","northwest-arctic-borough-ak"
2015,"2015",0.06300000101327896,"Kodiak Island Borough, AK","05000US02150","kodiak-island-borough-ak"
2015,"2015",0.06700000166893005,"Southeast Fairbanks Census Area, AK","05000US02240","southeast-fairbanks-census-area-ak"
2015,"2015",0.07800000160932541,"Yakutat City and Borough, AK","05000US02282","yakutat-city-and-borough-ak"
2015,"2015",0.07000000029802322,"Anchorage Municipality, AK","05000US02020","anchorage-municipality-ak"
2015,"2015",0.07800000160932541,"Matanuska-Susitna Borough, AK","05000US02170","matanuska-susitna-borough-ak"
2015,"2015",0.06599999964237213,"Kenai Peninsula Borough, AK","05000US02122","kenai-peninsula-borough-ak"
2015,"2015",0.07500000298023224,"Sitka City and Borough, AK","05000US02220","sitka-city-and-borough-ak"
2015,"2015",0.07599999755620956,"Ketchikan Gateway Borough, AK","05000US02130","ketchikan-gateway-borough-ak"
2015,"2015",0.06300000101327896,"Denali Borough, AK","05000US02068","denali-borough-ak"
2014,"2014",0.06700000166893005,"Aleutians West Census Area, AK","05000US02016","aleutians-west-census-area-ak"
2014,"2014",0.07500000298023224,"Sitka City and Borough, AK","05000US02220","sitka-city-and-borough-ak"
2014,"2014",0.06700000166893005,"Southeast Fairbanks Census Area, AK","05000US02240","southeast-fairbanks-census-area-ak"
2014,"2014",0.08299999684095383,"Haines Borough, AK","05000US02100","haines-borough-ak"
2014,"2014",0.07199999690055847,"Northwest Arctic Borough, AK","05000US02188","northwest-arctic-borough-ak"
2014,"2014",0.07599999755620956,"North Slope Borough, AK","05000US02185","north-slope-borough-ak"
2014,"2014",0.06700000166893005,"Bethel Census Area, AK","05000US02050","bethel-census-area-ak"
2014,"2014",0.06700000166893005,"Valdez-Cordova Census Area, AK","05000US02261","valdez-cordova-census-area-ak"
2014,"2014",0.06800000369548798,"Denali Borough, AK","05000US02068","denali-borough-ak"
2014,"2014",0.07800000160932541,"Nome Census Area, AK","05000US02180","nome-census-area-ak"
2014,"2014",0.061000000685453415,"Fairbanks North Star Borough, AK","05000US02090","fairbanks-north-star-borough-ak"
2014,"2014",0.07000000029802322,"Anchorage Municipality, AK","05000US02020","anchorage-municipality-ak"
2014,"2014",0.0820000022649765,"Dillingham Census Area, AK","05000US02070","dillingham-census-area-ak"
2014,"2014",0.0860000029206276,"Yakutat City and Borough, AK","05000US02282","yakutat-city-and-borough-ak"
2014,"2014",0.06800000369548798,"Matanuska-Susitna Borough, AK","05000US02170","matanuska-susitna-borough-ak"
2014,"2014",0.06300000101327896,"Juneau City and Borough, AK","05000US02110","juneau-city-and-borough-ak"
2014,"2014",0.08399999886751175,"Lake and Peninsula Borough, AK","05000US02164","lake-and-peninsula-borough-ak"
2014,"2014",0.08299999684095383,"Bristol Bay Borough, AK","05000US02060","bristol-bay-borough-ak"
2014,"2014",0.0820000022649765,"Yukon-Koyukuk Census Area, AK","05000US02290","yukon-koyukuk-census-area-ak"
2014,"2014",0.061000000685453415,"Kodiak Island Borough, AK","05000US02150","kodiak-island-borough-ak"
2014,"2014",0.07199999690055847,"Ketchikan Gateway Borough, AK","05000US02130","ketchikan-gateway-borough-ak"
2014,"2014",0.06700000166893005,"Kenai Peninsula Borough, AK","05000US02122","kenai-peninsula-borough-ak"
2014,"2014",0.07699999958276749,"Aleutians East Borough, AK","05000US02013","aleutians-east-borough-ak"