ID Year,Year,ID Race,Race,Household Income by Race,Household Income by Race Moe,Geography,ID Geography
2017,"2017",0,"Total",48489,6453,"Census Tract 9.02, Anchorage Municipality, AK","14000US02020000902"
2017,"2017",0,"Total",103870,19343,"Census Tract 29, Anchorage Municipality, AK","14000US02020002900"
2017,"2017",0,"Total",107926,11791,"Census Tract 1.01, Anchorage Municipality, AK","14000US02020000101"
2017,"2017",0,"Total",57833,10014,"Census Tract 19, Anchorage Municipality, AK","14000US02020001900"
2017,"2017",0,"Total",56146,14606,"Census Tract 21, Anchorage Municipality, AK","14000US02020002100"
2017,"2017",0,"Total",72213,23675,"Census Tract 1.02, Anchorage Municipality, AK","14000US02020000102"
2017,"2017",0,"Total",168750,13100,"Census Tract 28.23, Anchorage Municipality, AK","14000US02020002823"
2017,"2017",0,"Total",58263,4162,"Census Tract 18.02, Anchorage Municipality, AK","14000US02020001802"
2017,"2017",0,"Total",91563,14895,"Census Tract 22.01, Anchorage Municipality, AK","14000US02020002201"
2017,"2017",0,"Total",98250,8832,"Census Tract 2.01, Anchorage Municipality, AK","14000US02020000201"
2017,"2017",0,"Total",145729,17665,"Census Tract 28.22, Anchorage Municipality, AK","14000US02020002822"
2017,"2017",0,"Total",72471,5532,"Census Tract 18.01, Anchorage Municipality, AK","14000US02020001801"
2017,"2017",0,"Total",100464,20691,"Census Tract 2.02, Anchorage Municipality, AK","14000US02020000202"
2017,"2017",0,"Total",96089,11431,"Census Tract 17.32, Anchorage Municipality, AK","14000US02020001732"
2017,"2017",0,"Total",59761,14482,"Census Tract 22.02, Anchorage Municipality, AK","14000US02020002202"
2017,"2017",0,"Total",114069,5567,"Census Tract 2.03, Anchorage Municipality, AK","14000US02020000203"
2017,"2017",0,"Total",155893,11665,"Census Tract 28.21, Anchorage Municipality, AK","14000US02020002821"
2017,"2017",0,"Total",75804,29130,"Census Tract 17.31, Anchorage Municipality, AK","14000US02020001731"
2017,"2017",0,"Total",130970,12413,"Census Tract 23.01, Anchorage Municipality, AK","14000US02020002301"
2017,"2017",0,"Total",126923,26397,"Census Tract 2.04, Anchorage Municipality, AK","14000US02020000204"
2017,"2017",0,"Total",157470,11824,"Census Tract 28.13, Anchorage Municipality, AK","14000US02020002813"
2017,"2017",0,"Total",91995,5988,"Census Tract 17.02, Anchorage Municipality, AK","14000US02020001702"
2017,"2017",0,"Total",57750,8822,"Census Tract 3, Anchorage Municipality, AK","14000US02020000300"
2017,"2017",0,"Total",85931,7981.999999999999,"Census Tract 23.02, Anchorage Municipality, AK","14000US02020002302"
2017,"2017",0,"Total",90777,12968,"Census Tract 17.01, Anchorage Municipality, AK","14000US02020001701"
2017,"2017",0,"Total",57051,5933,"Census Tract 4, Anchorage Municipality, AK","14000US02020000400"
2017,"2017",0,"Total",145408,17271,"Census Tract 28.12, Anchorage Municipality, AK","14000US02020002812"
2017,"2017",0,"Total",75915,9988,"Census Tract 16.02, Anchorage Municipality, AK","14000US02020001602"
2017,"2017",0,"Total",75961,4804,"Census Tract 23.03, Anchorage Municipality, AK","14000US02020002303"
2017,"2017",0,"Total",53269,5694,"Census Tract 5, Anchorage Municipality, AK","14000US02020000500"
2017,"2017",0,"Total",64864,6904,"Census Tract 28.11, Anchorage Municipality, AK","14000US02020002811"
2017,"2017",0,"Total",87813,13312,"Census Tract 16.01, Anchorage Municipality, AK","14000US02020001601"
2017,"2017",0,"Total",36844,8745,"Census Tract 6, Anchorage Municipality, AK","14000US02020000600"
2017,"2017",0,"Total",72433,12122,"Census Tract 24, Anchorage Municipality, AK","14000US02020002400"
2017,"2017",0,"Total",92313,20036,"Census Tract 15, Anchorage Municipality, AK","14000US02020001500"
2017,"2017",0,"Total",72350,6117,"Census Tract 7.01, Anchorage Municipality, AK","14000US02020000701"
2017,"2017",0,"Total",74205,5245,"Census Tract 27.12, Anchorage Municipality, AK","14000US02020002712"
2017,"2017",0,"Total",51681,11599,"Census Tract 14, Anchorage Municipality, AK","14000US02020001400"
2017,"2017",0,"Total",86175,6555,"Census Tract 25.01, Anchorage Municipality, AK","14000US02020002501"
2017,"2017",0,"Total",75205,10416,"Census Tract 7.02, Anchorage Municipality, AK","14000US02020000702"
2017,"2017",0,"Total",116466,24614,"Census Tract 27.11, Anchorage Municipality, AK","14000US02020002711"
2017,"2017",0,"Total",125250,25696,"Census Tract 13, Anchorage Municipality, AK","14000US02020001300"
2017,"2017",0,"Total",63784,10006,"Census Tract 7.03, Anchorage Municipality, AK","14000US02020000703"
2017,"2017",0,"Total",72672,13541.999999999998,"Census Tract 25.02, Anchorage Municipality, AK","14000US02020002502"
2017,"2017",0,"Total",93795,16691,"Census Tract 12, Anchorage Municipality, AK","14000US02020001200"
2017,"2017",0,"Total",63506,7704,"Census Tract 8.01, Anchorage Municipality, AK","14000US02020000801"
2017,"2017",0,"Total",108560,9201,"Census Tract 27.02, Anchorage Municipality, AK","14000US02020002702"
2017,"2017",0,"Total",57708,30068,"Census Tract 11, Anchorage Municipality, AK","14000US02020001100"
2017,"2017",0,"Total",79207,6303,"Census Tract 26.01, Anchorage Municipality, AK","14000US02020002601"
2017,"2017",0,"Total",61031,4554,"Census Tract 8.02, Anchorage Municipality, AK","14000US02020000802"
2017,"2017",0,"Total",117813,15657,"Census Tract 26.03, Anchorage Municipality, AK","14000US02020002603"
2017,"2017",0,"Total",49885,9432,"Census Tract 10, Anchorage Municipality, AK","14000US02020001000"
2017,"2017",0,"Total",41250,7849.999999999999,"Census Tract 9.01, Anchorage Municipality, AK","14000US02020000901"
2017,"2017",0,"Total",101803,10443,"Census Tract 26.02, Anchorage Municipality, AK","14000US02020002602"
2017,"2017",0,"Total",41198,10152,"Census Tract 20, Anchorage Municipality, AK","14000US02020002000"
2016,"2016",0,"Total",47808,12733,"Census Tract 9.02, Anchorage Municipality, AK","14000US02020000902"
2016,"2016",0,"Total",121236,11528,"Census Tract 26.03, Anchorage Municipality, AK","14000US02020002603"
2016,"2016",0,"Total",98438,12811,"Census Tract 26.02, Anchorage Municipality, AK","14000US02020002602"
2016,"2016",0,"Total",44250,9927,"Census Tract 10, Anchorage Municipality, AK","14000US02020001000"
2016,"2016",0,"Total",38943,3857,"Census Tract 9.01, Anchorage Municipality, AK","14000US02020000901"
2016,"2016",0,"Total",55164,6185,"Census Tract 8.02, Anchorage Municipality, AK","14000US02020000802"
2016,"2016",0,"Total",36438,15822,"Census Tract 11, Anchorage Municipality, AK","14000US02020001100"
2016,"2016",0,"Total",110918,10942,"Census Tract 27.02, Anchorage Municipality, AK","14000US02020002702"
2016,"2016",0,"Total",81213,12028,"Census Tract 26.01, Anchorage Municipality, AK","14000US02020002601"
2016,"2016",0,"Total",88375,15076.000000000002,"Census Tract 12, Anchorage Municipality, AK","14000US02020001200"
2016,"2016",0,"Total",53917,15412,"Census Tract 8.01, Anchorage Municipality, AK","14000US02020000801"
2016,"2016",0,"Total",103553,16364,"Census Tract 27.11, Anchorage Municipality, AK","14000US02020002711"
2016,"2016",0,"Total",75456,12041,"Census Tract 25.02, Anchorage Municipality, AK","14000US02020002502"
2016,"2016",0,"Total",121417,21146,"Census Tract 13, Anchorage Municipality, AK","14000US02020001300"
2016,"2016",0,"Total",58328,25649,"Census Tract 7.03, Anchorage Municipality, AK","14000US02020000703"
2016,"2016",0,"Total",69115,5528,"Census Tract 7.02, Anchorage Municipality, AK","14000US02020000702"
2016,"2016",0,"Total",49141,8813,"Census Tract 14, Anchorage Municipality, AK","14000US02020001400"
2016,"2016",0,"Total",69792,7736,"Census Tract 27.12, Anchorage Municipality, AK","14000US02020002712"
2016,"2016",0,"Total",86799,7626,"Census Tract 25.01, Anchorage Municipality, AK","14000US02020002501"
2016,"2016",0,"Total",91412,11533,"Census Tract 15, Anchorage Municipality, AK","14000US02020001500"
2016,"2016",0,"Total",72714,8375,"Census Tract 7.01, Anchorage Municipality, AK","14000US02020000701"
2016,"2016",0,"Total",64910,3651,"Census Tract 28.11, Anchorage Municipality, AK","14000US02020002811"
2016,"2016",0,"Total",79063,14564,"Census Tract 24, Anchorage Municipality, AK","14000US02020002400"
2016,"2016",0,"Total",85714,13378,"Census Tract 16.01, Anchorage Municipality, AK","14000US02020001601"
2016,"2016",0,"Total",36797,15618,"Census Tract 6, Anchorage Municipality, AK","14000US02020000600"
2016,"2016",0,"Total",53233,5605,"Census Tract 5, Anchorage Municipality, AK","14000US02020000500"
2016,"2016",0,"Total",75625,11884,"Census Tract 16.02, Anchorage Municipality, AK","14000US02020001602"
2016,"2016",0,"Total",101420,15802,"Census Tract 1.01, Anchorage Municipality, AK","14000US02020000101"
2016,"2016",0,"Total",74202,4893,"Census Tract 23.03, Anchorage Municipality, AK","14000US02020002303"
2016,"2016",0,"Total",97835,10218,"Census Tract 17.01, Anchorage Municipality, AK","14000US02020001701"
2016,"2016",0,"Total",59072,5072,"Census Tract 4, Anchorage Municipality, AK","14000US02020000400"
2016,"2016",0,"Total",150750,10381,"Census Tract 28.13, Anchorage Municipality, AK","14000US02020002813"
2016,"2016",0,"Total",83235,12120,"Census Tract 23.02, Anchorage Municipality, AK","14000US02020002302"
2016,"2016",0,"Total",89639,5493,"Census Tract 17.02, Anchorage Municipality, AK","14000US02020001702"
2016,"2016",0,"Total",53788,6945.000000000001,"Census Tract 3, Anchorage Municipality, AK","14000US02020000300"
2016,"2016",0,"Total",118575,14104.999999999998,"Census Tract 2.04, Anchorage Municipality, AK","14000US02020000204"
2016,"2016",0,"Total",125560,18463,"Census Tract 23.01, Anchorage Municipality, AK","14000US02020002301"
2016,"2016",0,"Total",83400,14282,"Census Tract 17.31, Anchorage Municipality, AK","14000US02020001731"
2016,"2016",0,"Total",149792,10538,"Census Tract 28.21, Anchorage Municipality, AK","14000US02020002821"
2016,"2016",0,"Total",111148,7617.999999999999,"Census Tract 2.03, Anchorage Municipality, AK","14000US02020000203"
2016,"2016",0,"Total",96803,5766,"Census Tract 17.32, Anchorage Municipality, AK","14000US02020001732"
2016,"2016",0,"Total",138472,15503,"Census Tract 28.22, Anchorage Municipality, AK","14000US02020002822"
2016,"2016",0,"Total",56296,14209.000000000002,"Census Tract 22.02, Anchorage Municipality, AK","14000US02020002202"
2016,"2016",0,"Total",70368,10515,"Census Tract 18.01, Anchorage Municipality, AK","14000US02020001801"
2016,"2016",0,"Total",98477,12377,"Census Tract 2.02, Anchorage Municipality, AK","14000US02020000202"
2016,"2016",0,"Total",93636,17769,"Census Tract 2.01, Anchorage Municipality, AK","14000US02020000201"
2016,"2016",0,"Total",84679,9612,"Census Tract 22.01, Anchorage Municipality, AK","14000US02020002201"
2016,"2016",0,"Total",60422,9329,"Census Tract 18.02, Anchorage Municipality, AK","14000US02020001802"
2016,"2016",0,"Total",162027,13186,"Census Tract 28.23, Anchorage Municipality, AK","14000US02020002823"
2016,"2016",0,"Total",76690,14441,"Census Tract 1.02, Anchorage Municipality, AK","14000US02020000102"
2016,"2016",0,"Total",49458,4641,"Census Tract 19, Anchorage Municipality, AK","14000US02020001900"
2016,"2016",0,"Total",100807,18533,"Census Tract 29, Anchorage Municipality, AK","14000US02020002900"
2016,"2016",0,"Total",54139,12181,"Census Tract 21, Anchorage Municipality, AK","14000US02020002100"
2016,"2016",0,"Total",39643,7745.000000000001,"Census Tract 20, Anchorage Municipality, AK","14000US02020002000"
2016,"2016",0,"Total",133010,14149.999999999998,"Census Tract 28.12, Anchorage Municipality, AK","14000US02020002812"
2015,"2015",0,"Total",102100,12577,"Census Tract 1.01, Anchorage Municipality, AK","14000US02020000101"
2015,"2015",0,"Total",81488,7240,"Census Tract 25.01, Anchorage Municipality, AK","14000US02020002501"
2015,"2015",0,"Total",93822,14225,"Census Tract 15, Anchorage Municipality, AK","14000US02020001500"
2015,"2015",0,"Total",57207,6825.000000000001,"Census Tract 3, Anchorage Municipality, AK","14000US02020000300"
2015,"2015",0,"Total",107706,7792.000000000001,"Census Tract 27.02, Anchorage Municipality, AK","14000US02020002702"
2015,"2015",0,"Total",134135,17414,"Census Tract 28.22, Anchorage Municipality, AK","14000US02020002822"
2015,"2015",0,"Total",38269,5403,"Census Tract 9.01, Anchorage Municipality, AK","14000US02020000901"
2015,"2015",0,"Total",81648,5905,"Census Tract 16.01, Anchorage Municipality, AK","14000US02020001601"
2015,"2015",0,"Total",61921,5267,"Census Tract 28.11, Anchorage Municipality, AK","14000US02020002811"
2015,"2015",0,"Total",67979,7721,"Census Tract 7.01, Anchorage Municipality, AK","14000US02020000701"
2015,"2015",0,"Total",73784,10740,"Census Tract 24, Anchorage Municipality, AK","14000US02020002400"
2015,"2015",0,"Total",109474,7893,"Census Tract 2.03, Anchorage Municipality, AK","14000US02020000203"
2015,"2015",0,"Total",72411,12536,"Census Tract 16.02, Anchorage Municipality, AK","14000US02020001602"
2015,"2015",0,"Total",108655,10436,"Census Tract 26.03, Anchorage Municipality, AK","14000US02020002603"
2015,"2015",0,"Total",48452,23654,"Census Tract 9.02, Anchorage Municipality, AK","14000US02020000902"
2015,"2015",0,"Total",83039,11250,"Census Tract 17.31, Anchorage Municipality, AK","14000US02020001731"
2015,"2015",0,"Total",72891,5443,"Census Tract 23.03, Anchorage Municipality, AK","14000US02020002303"
2015,"2015",0,"Total",97482,7948,"Census Tract 17.01, Anchorage Municipality, AK","14000US02020001701"
2015,"2015",0,"Total",152018,13016,"Census Tract 28.13, Anchorage Municipality, AK","14000US02020002813"
2015,"2015",0,"Total",57227,5329,"Census Tract 4, Anchorage Municipality, AK","14000US02020000400"
2015,"2015",0,"Total",64967,6705,"Census Tract 7.02, Anchorage Municipality, AK","14000US02020000702"
2015,"2015",0,"Total",42679,12833,"Census Tract 10, Anchorage Municipality, AK","14000US02020001000"
2015,"2015",0,"Total",85685,8561,"Census Tract 17.02, Anchorage Municipality, AK","14000US02020001702"
2015,"2015",0,"Total",165067,11396,"Census Tract 28.23, Anchorage Municipality, AK","14000US02020002823"
2015,"2015",0,"Total",84433,11673,"Census Tract 29, Anchorage Municipality, AK","14000US02020002900"
2015,"2015",0,"Total",83938,17495,"Census Tract 23.02, Anchorage Municipality, AK","14000US02020002302"
2015,"2015",0,"Total",93495,4998,"Census Tract 26.02, Anchorage Municipality, AK","14000US02020002602"
2015,"2015",0,"Total",66180,9369,"Census Tract 27.12, Anchorage Municipality, AK","14000US02020002712"
2015,"2015",0,"Total",33977,6172,"Census Tract 11, Anchorage Municipality, AK","14000US02020001100"
2015,"2015",0,"Total",97941,13966,"Census Tract 2.02, Anchorage Municipality, AK","14000US02020000202"
2015,"2015",0,"Total",119922,18872,"Census Tract 23.01, Anchorage Municipality, AK","14000US02020002301"
2015,"2015",0,"Total",44688,23072,"Census Tract 7.03, Anchorage Municipality, AK","14000US02020000703"
2015,"2015",0,"Total",96333,7691,"Census Tract 17.32, Anchorage Municipality, AK","14000US02020001732"
2015,"2015",0,"Total",117535,9274,"Census Tract 2.04, Anchorage Municipality, AK","14000US02020000204"
2015,"2015",0,"Total",84671,17789,"Census Tract 26.01, Anchorage Municipality, AK","14000US02020002601"
2015,"2015",0,"Total",86083,11699,"Census Tract 12, Anchorage Municipality, AK","14000US02020001200"
2015,"2015",0,"Total",59569,12568,"Census Tract 22.02, Anchorage Municipality, AK","14000US02020002202"
2015,"2015",0,"Total",68200,4924,"Census Tract 18.01, Anchorage Municipality, AK","14000US02020001801"
2015,"2015",0,"Total",47500,5901,"Census Tract 5, Anchorage Municipality, AK","14000US02020000500"
2015,"2015",0,"Total",68761,9883,"Census Tract 1.02, Anchorage Municipality, AK","14000US02020000102"
2015,"2015",0,"Total",100373,12268,"Census Tract 27.11, Anchorage Municipality, AK","14000US02020002711"
2015,"2015",0,"Total",51798,7736,"Census Tract 8.01, Anchorage Municipality, AK","14000US02020000801"
2015,"2015",0,"Total",49823,8196,"Census Tract 18.02, Anchorage Municipality, AK","14000US02020001802"
2015,"2015",0,"Total",115708,38408,"Census Tract 13, Anchorage Municipality, AK","14000US02020001300"
2015,"2015",0,"Total",84979,12352,"Census Tract 2.01, Anchorage Municipality, AK","14000US02020000201"
2015,"2015",0,"Total",78094,7363,"Census Tract 22.01, Anchorage Municipality, AK","14000US02020002201"
2015,"2015",0,"Total",130186,12239,"Census Tract 28.12, Anchorage Municipality, AK","14000US02020002812"
2015,"2015",0,"Total",47057,3625.9999999999995,"Census Tract 19, Anchorage Municipality, AK","14000US02020001900"
2015,"2015",0,"Total",75865,12597,"Census Tract 25.02, Anchorage Municipality, AK","14000US02020002502"
2015,"2015",0,"Total",147250,12474,"Census Tract 28.21, Anchorage Municipality, AK","14000US02020002821"
2015,"2015",0,"Total",47461,13023,"Census Tract 14, Anchorage Municipality, AK","14000US02020001400"
2015,"2015",0,"Total",56500,15628,"Census Tract 21, Anchorage Municipality, AK","14000US02020002100"
2015,"2015",0,"Total",38482,5056,"Census Tract 20, Anchorage Municipality, AK","14000US02020002000"
2015,"2015",0,"Total",42277,10632,"Census Tract 6, Anchorage Municipality, AK","14000US02020000600"
2015,"2015",0,"Total",49590,6686,"Census Tract 8.02, Anchorage Municipality, AK","14000US02020000802"
2014,"2014",0,"Total",60250,12672,"Census Tract 21, Anchorage Municipality, AK","14000US02020002100"
2014,"2014",0,"Total",96056,37725,"Census Tract 1.02, Anchorage Municipality, AK","14000US02020000102"
2014,"2014",0,"Total",45654,4457,"Census Tract 19, Anchorage Municipality, AK","14000US02020001900"
2014,"2014",0,"Total",81020,7297,"Census Tract 22.01, Anchorage Municipality, AK","14000US02020002201"
2014,"2014",0,"Total",49716,4947,"Census Tract 18.02, Anchorage Municipality, AK","14000US02020001802"
2014,"2014",0,"Total",66969,10007,"Census Tract 22.02, Anchorage Municipality, AK","14000US02020002202"
2014,"2014",0,"Total",67942,8705,"Census Tract 18.01, Anchorage Municipality, AK","14000US02020001801"
2014,"2014",0,"Total",93917,5537,"Census Tract 17.32, Anchorage Municipality, AK","14000US02020001732"
2014,"2014",0,"Total",105634,12907,"Census Tract 23.01, Anchorage Municipality, AK","14000US02020002301"
2014,"2014",0,"Total",98316,12063,"Census Tract 1.01, Anchorage Municipality, AK","14000US02020000101"
2014,"2014",0,"Total",84339,10615,"Census Tract 17.31, Anchorage Municipality, AK","14000US02020001731"
2014,"2014",0,"Total",83174,10804,"Census Tract 23.02, Anchorage Municipality, AK","14000US02020002302"
2014,"2014",0,"Total",87757,6855.000000000001,"Census Tract 17.02, Anchorage Municipality, AK","14000US02020001702"
2014,"2014",0,"Total",75724,7559,"Census Tract 23.03, Anchorage Municipality, AK","14000US02020002303"
2014,"2014",0,"Total",89693,14305,"Census Tract 17.01, Anchorage Municipality, AK","14000US02020001701"
2014,"2014",0,"Total",68448,12468,"Census Tract 16.02, Anchorage Municipality, AK","14000US02020001602"
2014,"2014",0,"Total",73679,12591,"Census Tract 24, Anchorage Municipality, AK","14000US02020002400"
2014,"2014",0,"Total",79167,6510,"Census Tract 16.01, Anchorage Municipality, AK","14000US02020001601"
2014,"2014",0,"Total",81000,7777.000000000001,"Census Tract 25.01, Anchorage Municipality, AK","14000US02020002501"
2014,"2014",0,"Total",88081,8041,"Census Tract 15, Anchorage Municipality, AK","14000US02020001500"
2014,"2014",0,"Total",44810,16465,"Census Tract 14, Anchorage Municipality, AK","14000US02020001400"
2014,"2014",0,"Total",77500,13703,"Census Tract 25.02, Anchorage Municipality, AK","14000US02020002502"
2014,"2014",0,"Total",114167,30321.000000000004,"Census Tract 13, Anchorage Municipality, AK","14000US02020001300"
2014,"2014",0,"Total",75332,7577,"Census Tract 26.01, Anchorage Municipality, AK","14000US02020002601"
2014,"2014",0,"Total",85927,10892,"Census Tract 12, Anchorage Municipality, AK","14000US02020001200"
2014,"2014",0,"Total",34702,17800,"Census Tract 11, Anchorage Municipality, AK","14000US02020001100"
2014,"2014",0,"Total",94715,8569,"Census Tract 26.02, Anchorage Municipality, AK","14000US02020002602"
2014,"2014",0,"Total",42679,18316,"Census Tract 10, Anchorage Municipality, AK","14000US02020001000"
2014,"2014",0,"Total",39688,4686,"Census Tract 20, Anchorage Municipality, AK","14000US02020002000"
2014,"2014",0,"Total",108169,10241,"Census Tract 26.03, Anchorage Municipality, AK","14000US02020002603"
2014,"2014",0,"Total",50912,16680,"Census Tract 9.02, Anchorage Municipality, AK","14000US02020000902"
2014,"2014",0,"Total",40337,5250,"Census Tract 9.01, Anchorage Municipality, AK","14000US02020000901"
2014,"2014",0,"Total",104153,10108,"Census Tract 27.02, Anchorage Municipality, AK","14000US02020002702"
2014,"2014",0,"Total",49587,6554,"Census Tract 8.02, Anchorage Municipality, AK","14000US02020000802"
2014,"2014",0,"Total",103177,13952,"Census Tract 27.11, Anchorage Municipality, AK","14000US02020002711"
2014,"2014",0,"Total",51282,6982.000000000001,"Census Tract 8.01, Anchorage Municipality, AK","14000US02020000801"
2014,"2014",0,"Total",42375,19394,"Census Tract 7.03, Anchorage Municipality, AK","14000US02020000703"
2014,"2014",0,"Total",65381,9797,"Census Tract 27.12, Anchorage Municipality, AK","14000US02020002712"
2014,"2014",0,"Total",67917,12087,"Census Tract 7.02, Anchorage Municipality, AK","14000US02020000702"
2014,"2014",0,"Total",61173,7661,"Census Tract 28.11, Anchorage Municipality, AK","14000US02020002811"
2014,"2014",0,"Total",67894,8234,"Census Tract 7.01, Anchorage Municipality, AK","14000US02020000701"
2014,"2014",0,"Total",35694,9414,"Census Tract 6, Anchorage Municipality, AK","14000US02020000600"
2014,"2014",0,"Total",131947,13481.000000000002,"Census Tract 28.12, Anchorage Municipality, AK","14000US02020002812"
2014,"2014",0,"Total",53884,9468,"Census Tract 5, Anchorage Municipality, AK","14000US02020000500"
2014,"2014",0,"Total",153750,13677,"Census Tract 28.13, Anchorage Municipality, AK","14000US02020002813"
2014,"2014",0,"Total",59144,6231,"Census Tract 4, Anchorage Municipality, AK","14000US02020000400"
2014,"2014",0,"Total",57845,8076.999999999999,"Census Tract 3, Anchorage Municipality, AK","14000US02020000300"
2014,"2014",0,"Total",162684,14156,"Census Tract 28.21, Anchorage Municipality, AK","14000US02020002821"
2014,"2014",0,"Total",119656,17387,"Census Tract 2.04, Anchorage Municipality, AK","14000US02020000204"
2014,"2014",0,"Total",133629,11839,"Census Tract 28.22, Anchorage Municipality, AK","14000US02020002822"
2014,"2014",0,"Total",112451,6214,"Census Tract 2.03, Anchorage Municipality, AK","14000US02020000203"
2014,"2014",0,"Total",89389,11573,"Census Tract 2.02, Anchorage Municipality, AK","14000US02020000202"
2014,"2014",0,"Total",162656,12745,"Census Tract 28.23, Anchorage Municipality, AK","14000US02020002823"
2014,"2014",0,"Total",79295,8879,"Census Tract 2.01, Anchorage Municipality, AK","14000US02020000201"
2014,"2014",0,"Total",83940,15751,"Census Tract 29, Anchorage Municipality, AK","14000US02020002900"
2013,"2013",0,"Total",115072,15126.000000000002,"Census Tract 26.03, Anchorage Municipality, AK","14000US02020002603"
2013,"2013",0,"Total",119861,24349,"Census Tract 23.01, Anchorage Municipality, AK","14000US02020002301"
2013,"2013",0,"Total",71406,8479,"Census Tract 24, Anchorage Municipality, AK","14000US02020002400"
2013,"2013",0,"Total",51445,10345,"Census Tract 9.02, Anchorage Municipality, AK","14000US02020000902"
2013,"2013",0,"Total",58088,11548,"Census Tract 21, Anchorage Municipality, AK","14000US02020002100"
2013,"2013",0,"Total",95739,10197,"Census Tract 27.02, Anchorage Municipality, AK","14000US02020002702"
2013,"2013",0,"Total",78362,11528,"Census Tract 16.02, Anchorage Municipality, AK","14000US02020001602"
2013,"2013",0,"Total",41268,5828,"Census Tract 9.01, Anchorage Municipality, AK","14000US02020000901"
2013,"2013",0,"Total",94918,11832,"Census Tract 17.32, Anchorage Municipality, AK","14000US02020001732"
2013,"2013",0,"Total",48812,6179,"Census Tract 8.02, Anchorage Municipality, AK","14000US02020000802"
2013,"2013",0,"Total",95800,15343,"Census Tract 27.11, Anchorage Municipality, AK","14000US02020002711"
2013,"2013",0,"Total",80306,7263,"Census Tract 16.01, Anchorage Municipality, AK","14000US02020001601"
2013,"2013",0,"Total",85847,13366,"Census Tract 25.01, Anchorage Municipality, AK","14000US02020002501"
2013,"2013",0,"Total",52484,6458,"Census Tract 8.01, Anchorage Municipality, AK","14000US02020000801"
2013,"2013",0,"Total",54051,7173,"Census Tract 18.02, Anchorage Municipality, AK","14000US02020001802"
2013,"2013",0,"Total",67034,9114,"Census Tract 27.12, Anchorage Municipality, AK","14000US02020002712"
2013,"2013",0,"Total",59211,16804,"Census Tract 22.02, Anchorage Municipality, AK","14000US02020002202"
2013,"2013",0,"Total",52397,8021.999999999999,"Census Tract 7.03, Anchorage Municipality, AK","14000US02020000703"
2013,"2013",0,"Total",84303,10980,"Census Tract 15, Anchorage Municipality, AK","14000US02020001500"
2013,"2013",0,"Total",68147,18349,"Census Tract 7.02, Anchorage Municipality, AK","14000US02020000702"
2013,"2013",0,"Total",71797,9750,"Census Tract 28.11, Anchorage Municipality, AK","14000US02020002811"
2013,"2013",0,"Total",82982,14265,"Census Tract 23.02, Anchorage Municipality, AK","14000US02020002302"
2013,"2013",0,"Total",68077,11782,"Census Tract 25.02, Anchorage Municipality, AK","14000US02020002502"
2013,"2013",0,"Total",63669,11296,"Census Tract 7.01, Anchorage Municipality, AK","14000US02020000701"
2013,"2013",0,"Total",81434,9623,"Census Tract 22.01, Anchorage Municipality, AK","14000US02020002201"
2013,"2013",0,"Total",129926,13528,"Census Tract 28.12, Anchorage Municipality, AK","14000US02020002812"
2013,"2013",0,"Total",50606,13413,"Census Tract 14, Anchorage Municipality, AK","14000US02020001400"
2013,"2013",0,"Total",37100,9162,"Census Tract 6, Anchorage Municipality, AK","14000US02020000600"
2013,"2013",0,"Total",80783,14271,"Census Tract 17.31, Anchorage Municipality, AK","14000US02020001731"
2013,"2013",0,"Total",51759,9644,"Census Tract 5, Anchorage Municipality, AK","14000US02020000500"
2013,"2013",0,"Total",155259,15826,"Census Tract 28.13, Anchorage Municipality, AK","14000US02020002813"
2013,"2013",0,"Total",112793,44034,"Census Tract 13, Anchorage Municipality, AK","14000US02020001300"
2013,"2013",0,"Total",76165,8395,"Census Tract 26.01, Anchorage Municipality, AK","14000US02020002601"
2013,"2013",0,"Total",61528,4091,"Census Tract 4, Anchorage Municipality, AK","14000US02020000400"
2013,"2013",0,"Total",38799,3855.0000000000005,"Census Tract 20, Anchorage Municipality, AK","14000US02020002000"
2013,"2013",0,"Total",160677,15724.999999999998,"Census Tract 28.21, Anchorage Municipality, AK","14000US02020002821"
2013,"2013",0,"Total",86855,4386,"Census Tract 17.02, Anchorage Municipality, AK","14000US02020001702"
2013,"2013",0,"Total",54919,7622.999999999999,"Census Tract 3, Anchorage Municipality, AK","14000US02020000300"
2013,"2013",0,"Total",86548,8198,"Census Tract 12, Anchorage Municipality, AK","14000US02020001200"
2013,"2013",0,"Total",127891,23236,"Census Tract 2.04, Anchorage Municipality, AK","14000US02020000204"
2013,"2013",0,"Total",130250,17537,"Census Tract 28.22, Anchorage Municipality, AK","14000US02020002822"
2013,"2013",0,"Total",75609,10681,"Census Tract 23.03, Anchorage Municipality, AK","14000US02020002303"
2013,"2013",0,"Total",92380,8447,"Census Tract 26.02, Anchorage Municipality, AK","14000US02020002602"
2013,"2013",0,"Total",104479,7206.999999999999,"Census Tract 2.03, Anchorage Municipality, AK","14000US02020000203"
2013,"2013",0,"Total",69060,3477,"Census Tract 18.01, Anchorage Municipality, AK","14000US02020001801"
2013,"2013",0,"Total",157625,10299,"Census Tract 28.23, Anchorage Municipality, AK","14000US02020002823"
2013,"2013",0,"Total",34786,15732,"Census Tract 11, Anchorage Municipality, AK","14000US02020001100"
2013,"2013",0,"Total",80962,11909,"Census Tract 2.02, Anchorage Municipality, AK","14000US02020000202"
2013,"2013",0,"Total",42957,5006,"Census Tract 19, Anchorage Municipality, AK","14000US02020001900"
2013,"2013",0,"Total",75513,9113,"Census Tract 2.01, Anchorage Municipality, AK","14000US02020000201"
2013,"2013",0,"Total",79766,16177,"Census Tract 29, Anchorage Municipality, AK","14000US02020002900"
2013,"2013",0,"Total",45338,10466,"Census Tract 10, Anchorage Municipality, AK","14000US02020001000"
2013,"2013",0,"Total",87795,8991,"Census Tract 17.01, Anchorage Municipality, AK","14000US02020001701"
2013,"2013",0,"Total",77225,30589,"Census Tract 1.02, Anchorage Municipality, AK","14000US02020000102"
2013,"2013",0,"Total",106250,19704,"Census Tract 1.01, Anchorage Municipality, AK","14000US02020000101"