ID Year,Year,Household Income by Race,Household Income by Race Moe,Geography,ID Geography,Slug Geography
2018,"2018",81037,4654,"Anchorage, AK","31000US11260","anchorage-ak-metro-area"
2018,"2018",83648,5039,"Anchorage Municipality, AK","05000US02020","anchorage-municipality-ak"
2018,"2018",61937,94,"United States","01000US","united-states"
2018,"2018",74346,2288,"Alaska","04000US02","alaska"
2017,"2017",76871,4516,"Anchorage, AK","31000US11260","anchorage-ak-metro-area"
2017,"2017",79166,4990,"Anchorage Municipality, AK","05000US02020","anchorage-municipality-ak"
2017,"2017",60336,86,"United States","01000US","united-states"
2017,"2017",73181,2628,"Alaska","04000US02","alaska"
2016,"2016",76440,2230,"Alaska","04000US02","alaska"
2016,"2016",85634,4164,"Anchorage Municipality, AK","05000US02020","anchorage-municipality-ak"
2016,"2016",57617,115,"United States","01000US","united-states"
2016,"2016",82203,2269,"Anchorage, AK","31000US11260","anchorage-ak-metro-area"
2015,"2015",55775,85,"United States","01000US","united-states"
2015,"2015",78662,3684,"Anchorage Municipality, AK","05000US02020","anchorage-municipality-ak"
2015,"2015",73355,2316,"Alaska","04000US02","alaska"
2015,"2015",78238,3082,"Anchorage, AK","31000US11260","anchorage-ak-metro-area"
2014,"2014",75682,2922,"Anchorage, AK","31000US11260","anchorage-ak-metro-area"
2014,"2014",53657,93,"United States","01000US","united-states"
2014,"2014",76337,3965,"Anchorage Municipality, AK","05000US02020","anchorage-municipality-ak"
2014,"2014",71583,1784,"Alaska","04000US02","alaska"
2013,"2013",52250,65,"United States","01000US","united-states"
2013,"2013",76831,2453,"Anchorage, AK","31000US11260","anchorage-ak-metro-area"
2013,"2013",72237,1892.0000000000002,"Alaska","04000US02","alaska"
2013,"2013",79045,4404,"Anchorage Municipality, AK","05000US02020","anchorage-municipality-ak"