ID Age,Age,ID Gender,Gender,ID Year,Year,ID Poverty Status,Poverty Status,Poverty Population,Poverty Population Moe,Geography,ID Geography,Slug Geography,share
3,"12 to 14 Years",0,"Male",2017,"2017",0,"Income In The Past 12 Months Below Poverty Level",846,284,"Anchorage, AK","16000US0203000","anchorage-ak",0.03598468736707784
12,"75 Years & Over",1,"Female",2017,"2017",0,"Income In The Past 12 Months Below Poverty Level",423,148,"Anchorage, AK","16000US0203000","anchorage-ak",0.01799234368353892
12,"75 Years & Over",0,"Male",2017,"2017",0,"Income In The Past 12 Months Below Poverty Level",226,125,"Anchorage, AK","16000US0203000","anchorage-ak",0.009612930667800937
0,"Under 5 Years",1,"Female",2017,"2017",0,"Income In The Past 12 Months Below Poverty Level",1038,225.99999999999997,"Anchorage, AK","16000US0203000","anchorage-ak",0.04415142492556359
11,"65 to 74 Years",1,"Female",2017,"2017",0,"Income In The Past 12 Months Below Poverty Level",497,148,"Anchorage, AK","16000US0203000","anchorage-ak",0.021139940450871968
1,"5 Years",0,"Male",2017,"2017",0,"Income In The Past 12 Months Below Poverty Level",397,129,"Anchorage, AK","16000US0203000","anchorage-ak",0.01688643130582731
11,"65 to 74 Years",0,"Male",2017,"2017",0,"Income In The Past 12 Months Below Poverty Level",220,130,"Anchorage, AK","16000US0203000","anchorage-ak",0.009357720119098255
1,"5 Years",1,"Female",2017,"2017",0,"Income In The Past 12 Months Below Poverty Level",383,206,"Anchorage, AK","16000US0203000","anchorage-ak",0.016290940025521054
10,"55 to 64 Years",1,"Female",2017,"2017",0,"Income In The Past 12 Months Below Poverty Level",1052,230,"Anchorage, AK","16000US0203000","anchorage-ak",0.04474691620586984
2,"6 to 11 Years",0,"Male",2017,"2017",0,"Income In The Past 12 Months Below Poverty Level",1308,361,"Anchorage, AK","16000US0203000","anchorage-ak",0.055635899617184174
10,"55 to 64 Years",0,"Male",2017,"2017",0,"Income In The Past 12 Months Below Poverty Level",1036,242,"Anchorage, AK","16000US0203000","anchorage-ak",0.0440663547426627
2,"6 to 11 Years",1,"Female",2017,"2017",0,"Income In The Past 12 Months Below Poverty Level",1431,336,"Anchorage, AK","16000US0203000","anchorage-ak",0.06086771586558911
9,"45 to 54 Years",1,"Female",2017,"2017",0,"Income In The Past 12 Months Below Poverty Level",1093,258,"Anchorage, AK","16000US0203000","anchorage-ak",0.046490854955338154
0,"Under 5 Years",0,"Male",2017,"2017",0,"Income In The Past 12 Months Below Poverty Level",1078,238.99999999999997,"Anchorage, AK","16000US0203000","anchorage-ak",0.04585282858358145
9,"45 to 54 Years",0,"Male",2017,"2017",0,"Income In The Past 12 Months Below Poverty Level",1321,270,"Anchorage, AK","16000US0203000","anchorage-ak",0.05618885580603998
3,"12 to 14 Years",1,"Female",2017,"2017",0,"Income In The Past 12 Months Below Poverty Level",666,260,"Anchorage, AK","16000US0203000","anchorage-ak",0.02832837090599745
8,"35 to 44 Years",1,"Female",2017,"2017",0,"Income In The Past 12 Months Below Poverty Level",1226,307,"Anchorage, AK","16000US0203000","anchorage-ak",0.05214802211824755
4,"15 Years",0,"Male",2017,"2017",0,"Income In The Past 12 Months Below Poverty Level",274,143,"Anchorage, AK","16000US0203000","anchorage-ak",0.011654615057422374
8,"35 to 44 Years",0,"Male",2017,"2017",0,"Income In The Past 12 Months Below Poverty Level",986,246.00000000000003,"Anchorage, AK","16000US0203000","anchorage-ak",0.04193960017014037
4,"15 Years",1,"Female",2017,"2017",0,"Income In The Past 12 Months Below Poverty Level",350,165,"Anchorage, AK","16000US0203000","anchorage-ak",0.014887282007656316
7,"25 to 34 Years",1,"Female",2017,"2017",0,"Income In The Past 12 Months Below Poverty Level",2265,345,"Anchorage, AK","16000US0203000","anchorage-ak",0.09634198213526159
5,"16 & 17 Years",0,"Male",2017,"2017",0,"Income In The Past 12 Months Below Poverty Level",306,135,"Anchorage, AK","16000US0203000","anchorage-ak",0.013015737983836666
7,"25 to 34 Years",0,"Male",2017,"2017",0,"Income In The Past 12 Months Below Poverty Level",1358,266,"Anchorage, AK","16000US0203000","anchorage-ak",0.05776265418970651
5,"16 & 17 Years",1,"Female",2017,"2017",0,"Income In The Past 12 Months Below Poverty Level",244,96,"Anchorage, AK","16000US0203000","anchorage-ak",0.010378562313908974
6,"18 to 24 Years",1,"Female",2017,"2017",0,"Income In The Past 12 Months Below Poverty Level",2244,338,"Anchorage, AK","16000US0203000","anchorage-ak",0.0954487452148022
6,"18 to 24 Years",0,"Male",2017,"2017",0,"Income In The Past 12 Months Below Poverty Level",1242,228.00000000000003,"Anchorage, AK","16000US0203000","anchorage-ak",0.0528285835814547
3,"12 to 14 Years",0,"Male",2016,"2016",0,"Income In The Past 12 Months Below Poverty Level",996,337,"Anchorage, AK","16000US0203000","anchorage-ak",0.04211060375443937
11,"65 to 74 Years",0,"Male",2016,"2016",0,"Income In The Past 12 Months Below Poverty Level",215,102,"Anchorage, AK","16000US0203000","anchorage-ak",0.009090140368679181
1,"5 Years",1,"Female",2016,"2016",0,"Income In The Past 12 Months Below Poverty Level",449,159,"Anchorage, AK","16000US0203000","anchorage-ak",0.01898359546761373
9,"45 to 54 Years",0,"Male",2016,"2016",0,"Income In The Past 12 Months Below Poverty Level",1182,247,"Anchorage, AK","16000US0203000","anchorage-ak",0.049974632166412986
3,"12 to 14 Years",1,"Female",2016,"2016",0,"Income In The Past 12 Months Below Poverty Level",451,166,"Anchorage, AK","16000US0203000","anchorage-ak",0.01906815491290377
12,"75 Years & Over",1,"Female",2016,"2016",0,"Income In The Past 12 Months Below Poverty Level",280,119,"Anchorage, AK","16000US0203000","anchorage-ak",0.011838322340605445
0,"Under 5 Years",0,"Male",2016,"2016",0,"Income In The Past 12 Months Below Poverty Level",1357,269,"Anchorage, AK","16000US0203000","anchorage-ak",0.05737358362929139
8,"35 to 44 Years",1,"Female",2016,"2016",0,"Income In The Past 12 Months Below Poverty Level",1455,250.99999999999997,"Anchorage, AK","16000US0203000","anchorage-ak",0.061516996448503294
4,"15 Years",0,"Male",2016,"2016",0,"Income In The Past 12 Months Below Poverty Level",327,157,"Anchorage, AK","16000US0203000","anchorage-ak",0.013825469304921359
10,"55 to 64 Years",1,"Female",2016,"2016",0,"Income In The Past 12 Months Below Poverty Level",901,206,"Anchorage, AK","16000US0203000","anchorage-ak",0.03809403010316252
2,"6 to 11 Years",0,"Male",2016,"2016",0,"Income In The Past 12 Months Below Poverty Level",1437,306,"Anchorage, AK","16000US0203000","anchorage-ak",0.060755961440892944
8,"35 to 44 Years",0,"Male",2016,"2016",0,"Income In The Past 12 Months Below Poverty Level",997,238,"Anchorage, AK","16000US0203000","anchorage-ak",0.04215288347708439
4,"15 Years",1,"Female",2016,"2016",0,"Income In The Past 12 Months Below Poverty Level",283,125,"Anchorage, AK","16000US0203000","anchorage-ak",0.011965161508540503
11,"65 to 74 Years",1,"Female",2016,"2016",0,"Income In The Past 12 Months Below Poverty Level",390,120.00000000000001,"Anchorage, AK","16000US0203000","anchorage-ak",0.016489091831557584
1,"5 Years",0,"Male",2016,"2016",0,"Income In The Past 12 Months Below Poverty Level",376,136,"Anchorage, AK","16000US0203000","anchorage-ak",0.015897175714527312
7,"25 to 34 Years",1,"Female",2016,"2016",0,"Income In The Past 12 Months Below Poverty Level",2049,320,"Anchorage, AK","16000US0203000","anchorage-ak",0.08663115169964485
5,"16 & 17 Years",0,"Male",2016,"2016",0,"Income In The Past 12 Months Below Poverty Level",280,112.99999999999999,"Anchorage, AK","16000US0203000","anchorage-ak",0.011838322340605445
10,"55 to 64 Years",0,"Male",2016,"2016",0,"Income In The Past 12 Months Below Poverty Level",784,184,"Anchorage, AK","16000US0203000","anchorage-ak",0.033147302553695246
2,"6 to 11 Years",1,"Female",2016,"2016",0,"Income In The Past 12 Months Below Poverty Level",1492,319,"Anchorage, AK","16000US0203000","anchorage-ak",0.06308134618636901
7,"25 to 34 Years",0,"Male",2016,"2016",0,"Income In The Past 12 Months Below Poverty Level",1305,282,"Anchorage, AK","16000US0203000","anchorage-ak",0.05517503805175038
5,"16 & 17 Years",1,"Female",2016,"2016",0,"Income In The Past 12 Months Below Poverty Level",341,124,"Anchorage, AK","16000US0203000","anchorage-ak",0.014417385421951631
12,"75 Years & Over",0,"Male",2016,"2016",0,"Income In The Past 12 Months Below Poverty Level",186,125,"Anchorage, AK","16000US0203000","anchorage-ak",0.007864028411973617
0,"Under 5 Years",1,"Female",2016,"2016",0,"Income In The Past 12 Months Below Poverty Level",1317,329,"Anchorage, AK","16000US0203000","anchorage-ak",0.05568239472349061
6,"18 to 24 Years",1,"Female",2016,"2016",0,"Income In The Past 12 Months Below Poverty Level",2241,325,"Anchorage, AK","16000US0203000","anchorage-ak",0.09474885844748858
6,"18 to 24 Years",0,"Male",2016,"2016",0,"Income In The Past 12 Months Below Poverty Level",1284,283,"Anchorage, AK","16000US0203000","anchorage-ak",0.05428716387620497
9,"45 to 54 Years",1,"Female",2016,"2016",0,"Income In The Past 12 Months Below Poverty Level",1277,309,"Anchorage, AK","16000US0203000","anchorage-ak",0.05399120581768983
9,"45 to 54 Years",1,"Female",2015,"2015",0,"Income In The Past 12 Months Below Poverty Level",1370,300,"Anchorage, AK","16000US0203000","anchorage-ak",0.05728861754620724
0,"Under 5 Years",0,"Male",2015,"2015",0,"Income In The Past 12 Months Below Poverty Level",1339,277,"Anchorage, AK","16000US0203000","anchorage-ak",0.05599230576231496
6,"18 to 24 Years",1,"Female",2015,"2015",0,"Income In The Past 12 Months Below Poverty Level",2394,373,"Anchorage, AK","16000US0203000","anchorage-ak",0.10010872292381032
6,"18 to 24 Years",0,"Male",2015,"2015",0,"Income In The Past 12 Months Below Poverty Level",1319,261,"Anchorage, AK","16000US0203000","anchorage-ak",0.055155975579158655
12,"75 Years & Over",1,"Female",2015,"2015",0,"Income In The Past 12 Months Below Poverty Level",328,120.00000000000001,"Anchorage, AK","16000US0203000","anchorage-ak",0.013715815003763485
0,"Under 5 Years",1,"Female",2015,"2015",0,"Income In The Past 12 Months Below Poverty Level",1318,266,"Anchorage, AK","16000US0203000","anchorage-ak",0.055114159070000834
7,"25 to 34 Years",0,"Male",2015,"2015",0,"Income In The Past 12 Months Below Poverty Level",1041,240.00000000000003,"Anchorage, AK","16000US0203000","anchorage-ak",0.043530986033285944
5,"16 & 17 Years",1,"Female",2015,"2015",0,"Income In The Past 12 Months Below Poverty Level",451,159,"Anchorage, AK","16000US0203000","anchorage-ak",0.018859245630174794
12,"75 Years & Over",0,"Male",2015,"2015",0,"Income In The Past 12 Months Below Poverty Level",188,104,"Anchorage, AK","16000US0203000","anchorage-ak",0.007861503721669315
1,"5 Years",0,"Male",2015,"2015",0,"Income In The Past 12 Months Below Poverty Level",328,124,"Anchorage, AK","16000US0203000","anchorage-ak",0.013715815003763485
7,"25 to 34 Years",1,"Female",2015,"2015",0,"Income In The Past 12 Months Below Poverty Level",2041,276,"Anchorage, AK","16000US0203000","anchorage-ak",0.08534749519110145
5,"16 & 17 Years",0,"Male",2015,"2015",0,"Income In The Past 12 Months Below Poverty Level",383,169,"Anchorage, AK","16000US0203000","anchorage-ak",0.01601572300744334
11,"65 to 74 Years",1,"Female",2015,"2015",0,"Income In The Past 12 Months Below Poverty Level",337,98,"Anchorage, AK","16000US0203000","anchorage-ak",0.014092163586183825
1,"5 Years",1,"Female",2015,"2015",0,"Income In The Past 12 Months Below Poverty Level",538,166,"Anchorage, AK","16000US0203000","anchorage-ak",0.02249728192690474
8,"35 to 44 Years",0,"Male",2015,"2015",0,"Income In The Past 12 Months Below Poverty Level",1057,227.00000000000003,"Anchorage, AK","16000US0203000","anchorage-ak",0.04420005017981099
4,"15 Years",1,"Female",2015,"2015",0,"Income In The Past 12 Months Below Poverty Level",217,101,"Anchorage, AK","16000US0203000","anchorage-ak",0.009074182487245964
11,"65 to 74 Years",0,"Male",2015,"2015",0,"Income In The Past 12 Months Below Poverty Level",161,98,"Anchorage, AK","16000US0203000","anchorage-ak",0.006732457974408296
2,"6 to 11 Years",0,"Male",2015,"2015",0,"Income In The Past 12 Months Below Poverty Level",1496,318,"Anchorage, AK","16000US0203000","anchorage-ak",0.062557497700092
8,"35 to 44 Years",1,"Female",2015,"2015",0,"Income In The Past 12 Months Below Poverty Level",1363,291,"Anchorage, AK","16000US0203000","anchorage-ak",0.05699590198210253
4,"15 Years",0,"Male",2015,"2015",0,"Income In The Past 12 Months Below Poverty Level",378,158,"Anchorage, AK","16000US0203000","anchorage-ak",0.01580664046165426
10,"55 to 64 Years",1,"Female",2015,"2015",0,"Income In The Past 12 Months Below Poverty Level",950,204,"Anchorage, AK","16000US0203000","anchorage-ak",0.03972568369992473
2,"6 to 11 Years",1,"Female",2015,"2015",0,"Income In The Past 12 Months Below Poverty Level",1452,306,"Anchorage, AK","16000US0203000","anchorage-ak",0.06071757129714812
9,"45 to 54 Years",0,"Male",2015,"2015",0,"Income In The Past 12 Months Below Poverty Level",1254,241,"Anchorage, AK","16000US0203000","anchorage-ak",0.05243790248390064
3,"12 to 14 Years",1,"Female",2015,"2015",0,"Income In The Past 12 Months Below Poverty Level",457,158,"Anchorage, AK","16000US0203000","anchorage-ak",0.019110144685121688
10,"55 to 64 Years",0,"Male",2015,"2015",0,"Income In The Past 12 Months Below Poverty Level",890,163,"Anchorage, AK","16000US0203000","anchorage-ak",0.0372166931504558
3,"12 to 14 Years",0,"Male",2015,"2015",0,"Income In The Past 12 Months Below Poverty Level",864,254,"Anchorage, AK","16000US0203000","anchorage-ak",0.0361294639123526
8,"35 to 44 Years",0,"Male",2014,"2014",0,"Income In The Past 12 Months Below Poverty Level",1199,244,"Anchorage, AK","16000US0203000","anchorage-ak",0.04976962351085468
6,"18 to 24 Years",1,"Female",2014,"2014",0,"Income In The Past 12 Months Below Poverty Level",2478,385,"Anchorage, AK","16000US0203000","anchorage-ak",0.10285998920758789
3,"12 to 14 Years",0,"Male",2014,"2014",0,"Income In The Past 12 Months Below Poverty Level",620,184,"Anchorage, AK","16000US0203000","anchorage-ak",0.025735751940558715
10,"55 to 64 Years",0,"Male",2014,"2014",0,"Income In The Past 12 Months Below Poverty Level",863,182,"Anchorage, AK","16000US0203000","anchorage-ak",0.035822506330164795
3,"12 to 14 Years",1,"Female",2014,"2014",0,"Income In The Past 12 Months Below Poverty Level",467,144,"Anchorage, AK","16000US0203000","anchorage-ak",0.019384832510066
9,"45 to 54 Years",0,"Male",2014,"2014",0,"Income In The Past 12 Months Below Poverty Level",1129,235,"Anchorage, AK","16000US0203000","anchorage-ak",0.04686397409821095
2,"6 to 11 Years",1,"Female",2014,"2014",0,"Income In The Past 12 Months Below Poverty Level",1291,312,"Anchorage, AK","16000US0203000","anchorage-ak",0.053588477024615
10,"55 to 64 Years",1,"Female",2014,"2014",0,"Income In The Past 12 Months Below Poverty Level",986,250,"Anchorage, AK","16000US0203000","anchorage-ak",0.04092814744095305
4,"15 Years",0,"Male",2014,"2014",0,"Income In The Past 12 Months Below Poverty Level",226,93,"Anchorage, AK","16000US0203000","anchorage-ak",0.009381096675106886
8,"35 to 44 Years",1,"Female",2014,"2014",0,"Income In The Past 12 Months Below Poverty Level",1356,293,"Anchorage, AK","16000US0203000","anchorage-ak",0.05628658005064132
2,"6 to 11 Years",0,"Male",2014,"2014",0,"Income In The Past 12 Months Below Poverty Level",1386,314,"Anchorage, AK","16000US0203000","anchorage-ak",0.05753185837034577
11,"65 to 74 Years",0,"Male",2014,"2014",0,"Income In The Past 12 Months Below Poverty Level",153,97,"Anchorage, AK","16000US0203000","anchorage-ak",0.006350919430492715
4,"15 Years",1,"Female",2014,"2014",0,"Income In The Past 12 Months Below Poverty Level",151,76,"Anchorage, AK","16000US0203000","anchorage-ak",0.006267900875845752
9,"45 to 54 Years",1,"Female",2014,"2014",0,"Income In The Past 12 Months Below Poverty Level",1217,320,"Anchorage, AK","16000US0203000","anchorage-ak",0.05051679050267735
1,"5 Years",1,"Female",2014,"2014",0,"Income In The Past 12 Months Below Poverty Level",493,184,"Anchorage, AK","16000US0203000","anchorage-ak",0.020464073720476525
11,"65 to 74 Years",1,"Female",2014,"2014",0,"Income In The Past 12 Months Below Poverty Level",335,130,"Anchorage, AK","16000US0203000","anchorage-ak",0.013905607903366403
5,"16 & 17 Years",0,"Male",2014,"2014",0,"Income In The Past 12 Months Below Poverty Level",332,152,"Anchorage, AK","16000US0203000","anchorage-ak",0.013781080071395956
7,"25 to 34 Years",1,"Female",2014,"2014",0,"Income In The Past 12 Months Below Poverty Level",2249,327,"Anchorage, AK","16000US0203000","anchorage-ak",0.09335436470051056
1,"5 Years",0,"Male",2014,"2014",0,"Income In The Past 12 Months Below Poverty Level",320,115,"Anchorage, AK","16000US0203000","anchorage-ak",0.013282968743514175
12,"75 Years & Over",0,"Male",2014,"2014",0,"Income In The Past 12 Months Below Poverty Level",176,91,"Anchorage, AK","16000US0203000","anchorage-ak",0.007305632808932797
5,"16 & 17 Years",1,"Female",2014,"2014",0,"Income In The Past 12 Months Below Poverty Level",519,175,"Anchorage, AK","16000US0203000","anchorage-ak",0.021543314930887052
7,"25 to 34 Years",0,"Male",2014,"2014",0,"Income In The Past 12 Months Below Poverty Level",1132,263,"Anchorage, AK","16000US0203000","anchorage-ak",0.04698850193018139
0,"Under 5 Years",1,"Female",2014,"2014",0,"Income In The Past 12 Months Below Poverty Level",1489,285,"Anchorage, AK","16000US0203000","anchorage-ak",0.0618073139346644
12,"75 Years & Over",1,"Female",2014,"2014",0,"Income In The Past 12 Months Below Poverty Level",378,112,"Anchorage, AK","16000US0203000","anchorage-ak",0.01569050682827612
6,"18 to 24 Years",0,"Male",2014,"2014",0,"Income In The Past 12 Months Below Poverty Level",1528,324,"Anchorage, AK","16000US0203000","anchorage-ak",0.06342617575028019
0,"Under 5 Years",0,"Male",2014,"2014",0,"Income In The Past 12 Months Below Poverty Level",1618,295,"Anchorage, AK","16000US0203000","anchorage-ak",0.06716201070939355
5,"16 & 17 Years",1,"Female",2013,"2013",0,"Income In The Past 12 Months Below Poverty Level",501,131,"Anchorage, AK","16000US0203000","anchorage-ak",0.02190259683483431
10,"55 to 64 Years",1,"Female",2013,"2013",0,"Income In The Past 12 Months Below Poverty Level",698,183,"Anchorage, AK","16000US0203000","anchorage-ak",0.030514995191046602
8,"35 to 44 Years",1,"Female",2013,"2013",0,"Income In The Past 12 Months Below Poverty Level",1283,272,"Anchorage, AK","16000US0203000","anchorage-ak",0.05608988371076331
3,"12 to 14 Years",1,"Female",2013,"2013",0,"Income In The Past 12 Months Below Poverty Level",501,168,"Anchorage, AK","16000US0203000","anchorage-ak",0.02190259683483431
7,"25 to 34 Years",0,"Male",2013,"2013",0,"Income In The Past 12 Months Below Poverty Level",1196,283,"Anchorage, AK","16000US0203000","anchorage-ak",0.052286438751420826
4,"15 Years",1,"Female",2013,"2013",0,"Income In The Past 12 Months Below Poverty Level",112,71,"Anchorage, AK","16000US0203000","anchorage-ak",0.0048963889131765324
11,"65 to 74 Years",0,"Male",2013,"2013",0,"Income In The Past 12 Months Below Poverty Level",133,77,"Anchorage, AK","16000US0203000","anchorage-ak",0.005814461834397132
1,"5 Years",0,"Male",2013,"2013",0,"Income In The Past 12 Months Below Poverty Level",206,106,"Anchorage, AK","16000US0203000","anchorage-ak",0.009005858179592551
9,"45 to 54 Years",0,"Male",2013,"2013",0,"Income In The Past 12 Months Below Poverty Level",1389,230,"Anchorage, AK","16000US0203000","anchorage-ak",0.060723966075019675
0,"Under 5 Years",0,"Male",2013,"2013",0,"Income In The Past 12 Months Below Poverty Level",1682,389,"Anchorage, AK","16000US0203000","anchorage-ak",0.07353326921395471
6,"18 to 24 Years",0,"Male",2013,"2013",0,"Income In The Past 12 Months Below Poverty Level",1449,296,"Anchorage, AK","16000US0203000","anchorage-ak",0.06334703156422139
11,"65 to 74 Years",1,"Female",2013,"2013",0,"Income In The Past 12 Months Below Poverty Level",268,95,"Anchorage, AK","16000US0203000","anchorage-ak",0.011716359185100987
7,"25 to 34 Years",1,"Female",2013,"2013",0,"Income In The Past 12 Months Below Poverty Level",2201,360,"Anchorage, AK","16000US0203000","anchorage-ak",0.09622278569554953
3,"12 to 14 Years",0,"Male",2013,"2013",0,"Income In The Past 12 Months Below Poverty Level",554,219,"Anchorage, AK","16000US0203000","anchorage-ak",0.02421963801696249
9,"45 to 54 Years",1,"Female",2013,"2013",0,"Income In The Past 12 Months Below Poverty Level",1240,287,"Anchorage, AK","16000US0203000","anchorage-ak",0.054210020110168754
1,"5 Years",1,"Female",2013,"2013",0,"Income In The Past 12 Months Below Poverty Level",440,175,"Anchorage, AK","16000US0203000","anchorage-ak",0.019235813587479233
12,"75 Years & Over",0,"Male",2013,"2013",0,"Income In The Past 12 Months Below Poverty Level",194,118,"Anchorage, AK","16000US0203000","anchorage-ak",0.008481245081752208
5,"16 & 17 Years",0,"Male",2013,"2013",0,"Income In The Past 12 Months Below Poverty Level",332,132,"Anchorage, AK","16000US0203000","anchorage-ak",0.014514295706916149
4,"15 Years",0,"Male",2013,"2013",0,"Income In The Past 12 Months Below Poverty Level",190,89,"Anchorage, AK","16000US0203000","anchorage-ak",0.00830637404913876
8,"35 to 44 Years",0,"Male",2013,"2013",0,"Income In The Past 12 Months Below Poverty Level",980,210,"Anchorage, AK","16000US0203000","anchorage-ak",0.042843402990294654
10,"55 to 64 Years",0,"Male",2013,"2013",0,"Income In The Past 12 Months Below Poverty Level",835,197,"Anchorage, AK","16000US0203000","anchorage-ak",0.03650432805805718
12,"75 Years & Over",1,"Female",2013,"2013",0,"Income In The Past 12 Months Below Poverty Level",428,125,"Anchorage, AK","16000US0203000","anchorage-ak",0.018711200489638893
2,"6 to 11 Years",1,"Female",2013,"2013",0,"Income In The Past 12 Months Below Poverty Level",1075,249,"Anchorage, AK","16000US0203000","anchorage-ak",0.04699659001486404
2,"6 to 11 Years",0,"Male",2013,"2013",0,"Income In The Past 12 Months Below Poverty Level",1265,375,"Anchorage, AK","16000US0203000","anchorage-ak",0.0553029640640028
0,"Under 5 Years",1,"Female",2013,"2013",0,"Income In The Past 12 Months Below Poverty Level",1319,260,"Anchorage, AK","16000US0203000","anchorage-ak",0.05766372300428434
6,"18 to 24 Years",1,"Female",2013,"2013",0,"Income In The Past 12 Months Below Poverty Level",2403,361,"Anchorage, AK","16000US0203000","anchorage-ak",0.10505377284252863