ID Gender,Gender,ID Year,Year,ID Employment Time Status,Employment Time Status,ID Detailed Occupation,Detailed Occupation,Average Wage,Average Wage Appx MOE,Total Population,Total Population MOE Appx,Record Count,Geography,ID Geography
1,"Male",2018,"2018",1,"Full-time","533030","Driver/sales workers & truck drivers",63541.10448931582,13436.86430309376,5101,1737.3552486570045,39,"Alaska","04000US02"
2,"Female",2018,"2018",1,"Full-time","436014","Secretaries and administrative assistants, except legal, medical, and executive",46385.90351041862,5605.166094139632,5327,1774.691046390102,40,"Alaska","04000US02"
2,"Female",2018,"2018",1,"Full-time","352010","Cooks",23586.765494137355,8141.250510910547,2388,1194.5989338688673,18,"Alaska","04000US02"
2,"Female",2018,"2018",1,"Full-time","252020","Elementary & middle school teachers",49426.82477799437,7894.2821628033735,4617,1654.3406823714372,50,"Alaska","04000US02"
2,"Female",2018,"2018",1,"Full-time","1191XX","Other managers",90296.7822747415,21690.392420863413,3385,1419.7074475590682,39,"Alaska","04000US02"
1,"Male",2018,"2018",1,"Full-time","436014","Secretaries and administrative assistants, except legal, medical, and executive",45420.517699115044,11585.582623741608,1356,901.8718584002485,5,"Alaska","04000US02"
1,"Male",2018,"2018",1,"Full-time","352010","Cooks",28069.30407865987,6474.733649019889,2746,1280.1873224537417,30,"Alaska","04000US02"
1,"Male",2018,"2018",1,"Full-time","252020","Elementary & middle school teachers",61302.49654671029,10629.596051211824,2751,1281.3406784754839,22,"Alaska","04000US02"
1,"Male",2018,"2018",1,"Full-time","1191XX","Other managers",115457.61166253102,25526.19870829563,6448,1948.502997623493,49,"Alaska","04000US02"
1,"Male",2017,"2017",1,"Full-time","252020","Elementary & middle school teachers",64332.559009483666,15338.040414079282,1898,1065.9388670384155,19,"Alaska","04000US02"
1,"Male",2017,"2017",1,"Full-time","352010","Cooks",36977.442740776234,14499.752783117376,2087,1117.3685122363643,14,"Alaska","04000US02"
2,"Female",2017,"2017",1,"Full-time","352010","Cooks",26841.246464646465,5463.53907073527,990,771.1096739808003,13,"Alaska","04000US02"
1,"Male",2017,"2017",1,"Full-time","533030","Driver/sales workers & truck drivers",54502.61691065809,10559.144521944252,7309,2071.1268082737065,32,"Alaska","04000US02"
2,"Female",2017,"2017",1,"Full-time","252020","Elementary & middle school teachers",57400.06851890537,7754.569103685008,4787,1683.942482316114,41,"Alaska","04000US02"
1,"Male",2016,"2016",1,"Full-time","352010","Cooks",19387.10749432248,10199.28925407851,1321,890.2387938742464,11,"Alaska","04000US02"
1,"Male",2016,"2016",1,"Full-time","533030","Driver/sales workers & truck drivers",56606.77866852562,12895.85646430468,2869,1308.3362896507008,35,"Alaska","04000US02"
1,"Male",2016,"2016",1,"Full-time","252020","Elementary & middle school teachers",73191.2363238512,8613.677921916098,1828,1046.286411353725,18,"Alaska","04000US02"
2,"Female",2016,"2016",1,"Full-time","252020","Elementary & middle school teachers",59872.079179355664,6648.954301941776,6239,1917.6698541852495,58,"Alaska","04000US02"
2,"Female",2016,"2016",1,"Full-time","352010","Cooks",17595.184731385485,14764.490058247358,1061,798.2039378740201,17,"Alaska","04000US02"
2,"Female",2015,"2015",1,"Full-time","252020","Elementary & middle school teachers",69726.13664921466,7155.153459967679,3820,1507.0729629157704,40,"Alaska","04000US02"
2,"Female",2015,"2015",1,"Full-time","352010","Cooks",25746.456330749355,9180.40553808538,1935,1076.2540426207504,12,"Alaska","04000US02"
1,"Male",2015,"2015",1,"Full-time","352010","Cooks",30981.216842105263,7779.343493029447,950,755.442133045232,7,"Alaska","04000US02"
1,"Male",2015,"2015",1,"Full-time","533030","Driver/sales workers & truck drivers",44887.928037582744,8493.643987752246,4683,1666.0481381851882,39,"Alaska","04000US02"
1,"Male",2015,"2015",1,"Full-time","252020","Elementary & middle school teachers",57542.3226504129,5796.941196033002,5086,1734.9889633696685,27,"Alaska","04000US02"
2,"Female",2014,"2014",1,"Full-time","352010","Cooks",39803.82180851064,23259.465948316858,1128,822.985589080501,11,"Alaska","04000US02"
2,"Female",2014,"2014",1,"Full-time","252020","Elementary & middle school teachers",61900.46002347724,5842.48577044392,7667,2121.452262976734,62,"Alaska","04000US02"
1,"Male",2014,"2014",1,"Full-time","533030","Driver/sales workers & truck drivers",49374.58827539196,10628.157754488298,5868,1861.784985687396,41,"Alaska","04000US02"
1,"Male",2014,"2014",1,"Full-time","352010","Cooks",28686.996183206105,11403.446698946926,1310,886.6209014656479,15,"Alaska","04000US02"
1,"Male",2014,"2014",1,"Full-time","252020","Elementary & middle school teachers",66361.5626911315,26472.828897322543,981,767.6821714564497,15,"Alaska","04000US02"